index,title,type,release_year,primary_genre,platform,date_added,imdb_id,imdb_rating,imdb_votes,box_office_sales,production_cost
0,Dick Johnson Is Dead,Movie,2020,Documentaries,Netflix,2021-09-25,tt11394180,7.4,"7,204",N/A,N/A
1,My Little Pony: A New Generation,Movie,2021,Children & Family Movies,Netflix,2021-09-24,tt10101702,6.8,"4,475",N/A,N/A
2,"Vendetta: Truth, Lies and The Mafia",TV Show,2021,Crime TV Shows,Netflix,2021-09-24,,,,,
3,The Starling,Movie,2021,Comedies,Netflix,2021-09-24,tt5164438,6.4,"15,193",N/A,N/A
4,The Great British Baking Show,TV Show,2021,British TV Shows,Netflix,2021-09-24,tt1877368,8.6,"12,807",,
5,Sankofa,Movie,1993,Dramas,Netflix,2021-09-24,tt0108041,7.0,784,"$2,198,984",N/A
6,Blood & Water,TV Show,2021,International TV Shows,Netflix,2021-09-24,tt9839146,6.7,"4,132",,
7,Midnight Mass,TV Show,2021,TV Dramas,Netflix,2021-09-24,tt10574558,7.7,"143,786",,
8,Ganglands,TV Show,2021,Crime TV Shows,Netflix,2021-09-24,tt13278100,7.2,"4,487",,
9,Kota Factory,TV Show,2021,International TV Shows,Netflix,2021-09-24,tt9432978,9.0,"80,073",,
10,Jailbirds New Orleans,TV Show,2021,Docuseries,Netflix,2021-09-24,tt15320436,6.6,299,,
11,Je Suis Karl,Movie,2021,Dramas,Netflix,2021-09-23,tt9205538,5.5,"1,559",N/A,N/A
12,Bangkok Breaking,TV Show,2021,Crime TV Shows,Netflix,2021-09-23,tt14202282,5.8,359,,
13,Confessions of an Invisible Girl,Movie,2021,Children & Family Movies,Netflix,2021-09-22,tt15204288,5.3,"1,337",N/A,N/A
14,Crime Stories: India Detectives,TV Show,2021,British TV Shows,Netflix,2021-09-22,tt14178956,7.0,"1,161",,
15,Dear White People,TV Show,2021,TV Comedies,Netflix,2021-09-22,tt2235108,6.2,"26,461","$4,404,154",N/A
16,Europe's Most Dangerous Man: Otto Skorzeny in Spain,Movie,2020,Documentaries,Netflix,2021-09-22,,,,,
17,Falsa identidad,TV Show,2020,Crime TV Shows,Netflix,2021-09-22,tt14480020,N/A,N/A,N/A,N/A
18,Intrusion,Movie,2021,Thrillers,Netflix,2021-09-22,tt5563324,5.3,"20,987",N/A,N/A
19,Jaguar,TV Show,2021,International TV Shows,Netflix,2021-09-22,tt11698590,5.9,"2,199",,
20,Monsters Inside: The 24 Faces of Billy Milligan,TV Show,2021,Crime TV Shows,Netflix,2021-09-22,tt15287836,6.3,"4,784",,
21,Resurrection: Ertugrul,TV Show,2018,International TV Shows,Netflix,2021-09-22,,,,,
22,Jeans,Movie,1998,Comedies,Netflix,2021-09-21,tt0151121,6.4,"3,927",N/A,N/A
23,Minsara Kanavu,Movie,1997,Comedies,Netflix,2021-09-21,,,,,
24,Go! Go! Cory Carson: Chrissy Takes the Wheel,Movie,2021,Children & Family Movies,Netflix,2021-09-21,tt15296598,N/A,55,N/A,N/A
25,Avvai Shanmughi,Movie,1996,Comedies,Netflix,2021-09-21,,,,,
26,Love on the Spectrum,TV Show,2021,Docuseries,Netflix,2021-09-21,tt11904786,8.6,"7,472",,
27,Grown Ups,Movie,2010,Comedies,Netflix,2021-09-20,tt1375670,6.0,"273,980","$162,001,186",N/A
28,Dark Skies,Movie,2013,Horror Movies,Netflix,2021-09-19,tt2387433,6.3,"79,768","$17,418,667",N/A
29,Paranoia,Movie,2013,Thrillers,Netflix,2021-09-19,tt1413495,5.6,"39,253","$7,388,654",N/A
30,Ankahi Kahaniya,Movie,2021,Dramas,Netflix,2021-09-17,tt15250998,5.6,"1,015",N/A,N/A
31,Chicago Party Aunt,TV Show,2021,TV Comedies,Netflix,2021-09-17,tt15125616,5.6,"2,244",,
32,Sex Education,TV Show,2020,British TV Shows,Netflix,2021-09-17,tt7767422,8.3,"348,593",,
33,Tayo and Little Wizards,TV Show,2020,Kids' TV,Netflix,2021-09-17,,,,,
34,The Father Who Moves Mountains,Movie,2021,Dramas,Netflix,2021-09-17,tt8886670,5.5,"4,138",N/A,N/A
35,The Stronghold,Movie,2021,Action & Adventure,Netflix,2021-09-17,tt10404944,6.9,"13,136",N/A,N/A
36,Squid Game,TV Show,2021,International TV Shows,Netflix,2021-09-17,tt10919420,8.0,"532,149",,
37,Jaws 3,Movie,1983,Action & Adventure,Netflix,2021-09-16,tt0085750,3.7,"48,107","$45,517,055",N/A
38,Training Day,Movie,2001,Dramas,Netflix,2021-09-16,tt0139654,7.7,"472,594","$76,631,907",N/A
39,The Smart Money Woman,TV Show,2020,International TV Shows,Netflix,2021-09-16,tt12428002,6.7,135,,
40,Safe House,Movie,2012,Action & Adventure,Netflix,2021-09-16,tt1599348,6.7,"234,915","$126,373,434",N/A
41,My Heroes Were Cowboys,Movie,2021,Documentaries,Netflix,2021-09-16,tt15084326,6.7,359,N/A,N/A
42,Jaws: The Revenge,Movie,1987,Action & Adventure,Netflix,2021-09-16,tt0093300,3.0,"49,419","$20,763,013",N/A
43,Jaws 2,Movie,1978,Dramas,Netflix,2021-09-16,tt0077766,5.8,"84,142","$81,766,007",N/A
44,Jaws,Movie,1975,Action & Adventure,Netflix,2021-09-16,tt0073195,8.1,"656,025","$266,567,580",N/A
45,Angry Birds,TV Show,2018,Kids' TV,Netflix,2021-09-16,tt15281754,N/A,N/A,N/A,N/A
46,He-Man and the Masters of the Universe,TV Show,2021,Kids' TV,Netflix,2021-09-16,tt0126158,7.5,"19,978",,
47,Chhota Bheem,TV Show,2021,Kids' TV,Netflix,2021-09-16,tt4570986,4.5,"1,093",,
48,Birth of the Dragon,Movie,2017,Action & Adventure,Netflix,2021-09-16,tt2720826,5.7,"8,770","$6,901,965",N/A
49,Naruto Shippuden: The Movie: The Lost Tower,Movie,2010,Action & Adventure,Netflix,2021-09-15,,,,,
50,Too Hot To Handle: Latino,TV Show,2021,International TV Shows,Netflix,2021-09-15,tt15251764,N/A,410,,
51,Stories by Rabindranath Tagore,TV Show,2015,International TV Shows,Netflix,2021-09-15,tt4853764,8.7,"1,460",,
52,Schumacher,Movie,2021,Documentaries,Netflix,2021-09-15,tt10322274,7.4,"25,163",N/A,N/A
53,Saved by the Bell,TV Show,1994,Kids' TV,Netflix,2021-09-15,tt0096694,7.1,"37,306",,
54,Raja Rasoi Aur Anya Kahaniyan,TV Show,2014,Docuseries,Netflix,2021-09-15,tt22872396,N/A,N/A,,
55,Numberblocks,TV Show,2021,Kids' TV,Netflix,2021-09-15,tt7978538,8.6,345,,
56,Nightbooks,Movie,2021,Children & Family Movies,Netflix,2021-09-15,tt10521144,5.8,"10,435",N/A,N/A
57,Castle and Castle,TV Show,2021,International TV Shows,Netflix,2021-09-15,,,,,
58,Naruto the Movie 3: Guardians of the Crescent Moon Kingdom,Movie,2006,Action & Adventure,Netflix,2021-09-15,tt1071815,6.3,"4,704",N/A,N/A
59,Naruto the Movie: Ninja Clash in the Land of Snow,Movie,2004,Action & Adventure,Netflix,2021-09-15,tt0476680,6.6,"7,852",N/A,N/A
60,Naruto Shippuden: The Movie,Movie,2007,Action & Adventure,Netflix,2021-09-15,tt1999167,7.1,"5,801",N/A,N/A
61,InuYasha the Movie: Affections Touching Across Time,Movie,2001,Action & Adventure,Netflix,2021-09-15,tt0322645,7.2,"2,811",N/A,N/A
62,Dharmakshetra,TV Show,2014,International TV Shows,Netflix,2021-09-15,tt6803712,8.5,410,,
63,InuYasha the Movie 3: Swords of an Honorable Ruler,Movie,2003,Action & Adventure,Netflix,2021-09-15,tt0396659,7.6,"2,385",N/A,N/A
64,InuYasha the Movie 4: Fire on the Mystic Island,Movie,2004,Action & Adventure,Netflix,2021-09-15,tt0473658,7.2,"1,990",N/A,N/A
65,InuYasha the Movie 2: The Castle Beyond the Looking Glass,Movie,2002,Action & Adventure,Netflix,2021-09-15,tt0366621,7.3,"2,329",N/A,N/A
66,Nailed It,TV Show,2021,Reality TV,Netflix,2021-09-15,tt9042156,7.3,30,N/A,N/A
67,Naruto Shippuden the Movie: Blood Prison,Movie,2011,Action & Adventure,Netflix,2021-09-15,tt1999167,7.1,"5,801",N/A,N/A
68,Naruto Shippûden the Movie: Bonds,Movie,2008,Action & Adventure,Netflix,2021-09-15,tt1160524,6.8,"5,265",N/A,N/A
69,Naruto Shippûden the Movie: The Will of Fire,Movie,2009,Action & Adventure,Netflix,2021-09-15,,,,,
70,Naruto the Movie 2: Legend of the Stone of Gelel,Movie,2005,Action & Adventure,Netflix,2021-09-15,tt0791188,6.4,"5,116",N/A,N/A
71,A StoryBots Space Adventure,Movie,2021,Children & Family Movies,Netflix,2021-09-14,tt15166478,N/A,20,N/A,N/A
72,Jack Whitehall: Travels with My Father,TV Show,2021,British TV Shows,Netflix,2021-09-14,tt7453996,7.6,"6,032",,
73,King of Boys,Movie,2018,Dramas,Netflix,2021-09-14,tt8329618,6.2,501,N/A,N/A
74,The World's Most Amazing Vacation Rentals,TV Show,2021,Reality TV,Netflix,2021-09-14,tt14691382,6.8,"1,608",,
75,You vs. Wild: Out Cold,Movie,2021,Children & Family Movies,Netflix,2021-09-14,tt15250050,5.4,437,N/A,N/A
76,Yowamushi Pedal,TV Show,2013,Anime Series,Netflix,2021-09-14,tt2942228,7.7,993,,
77,Tughlaq Durbar (Telugu),Movie,2021,Comedies,Netflix,2021-09-11,,,,,
78,Little Singham - Black Shadow,Movie,2021,Children & Family Movies,Netflix,2021-09-11,,,,,
79,Tughlaq Durbar,Movie,2020,Comedies,Netflix,2021-09-11,tt9769668,5.3,"1,777",N/A,N/A
80,Kate,Movie,2021,Action & Adventure,Netflix,2021-09-10,tt7737528,6.2,"70,436",N/A,N/A
81,Lucifer,TV Show,2021,Crime TV Shows,Netflix,2021-09-10,tt4052886,8.1,"353,697",,
82,Metal Shop Masters,TV Show,2021,Reality TV,Netflix,2021-09-10,tt15216520,5.7,663,,
83,Omo Ghetto: the Saga,Movie,2020,Action & Adventure,Netflix,2021-09-10,tt14099462,7.6,95,N/A,N/A
84,Pokémon Master Journeys: The Series,TV Show,2021,Anime Series,Netflix,2021-09-10,,,,,
85,Prey,Movie,2021,International Movies,Netflix,2021-09-10,tt11866324,7.1,"226,944",N/A,N/A
86,Titipo Titipo,TV Show,2019,Kids' TV,Netflix,2021-09-10,tt12987396,N/A,29,,
87,Firedrake the Silver Dragon,Movie,2021,Children & Family Movies,Netflix,2021-09-10,,,,,
88,Paradise Hills,Movie,2019,Sci-Fi & Fantasy,Netflix,2021-09-09,tt6127004,5.2,"17,445",N/A,N/A
89,The Women and the Murderer,Movie,2021,Documentaries,Netflix,2021-09-09,tt15216504,6.4,"1,575",N/A,N/A
90,Blood Brothers: Malcolm X & Muhammad Ali,Movie,2021,Documentaries,Netflix,2021-09-09,tt15095938,6.9,"1,181",N/A,N/A
91,Mighty Raju,TV Show,2017,Kids' TV,Netflix,2021-09-09,tt6491030,4.8,81,,
92,Into the Night,TV Show,2021,International TV Shows,Netflix,2021-09-08,tt10919486,7.0,"35,978",,
93,JJ+E,Movie,2021,Dramas,Netflix,2021-09-08,tt12299824,5.4,"2,338",N/A,N/A
94,Show Dogs,Movie,2018,Children & Family Movies,Netflix,2021-09-08,tt5691024,4.0,"5,057","$17,857,020",N/A
95,The Circle,TV Show,2021,Reality TV,Netflix,2021-09-08,tt4287320,5.4,"100,019","$20,497,844",N/A
96,Tobot Galaxy Detectives,TV Show,2019,Kids' TV,Netflix,2021-09-07,tt12892186,6.4,23,,
97,Untold: Breaking Point,Movie,2021,Documentaries,Netflix,2021-09-07,tt15101938,7.6,"3,394",N/A,N/A
98,On the Verge,TV Show,2021,TV Comedies,Netflix,2021-09-07,tt5540990,6.5,"3,637",,
99,If I Leave Here Tomorrow: A Film About Lynyrd Skynyrd,Movie,2018,Documentaries,Netflix,2021-09-07,tt6214722,7.8,"1,638",N/A,N/A
100,Kid Cosmic,TV Show,2021,Kids' TV,Netflix,2021-09-07,tt9248538,7.9,"1,708",,
101,Octonauts: Above & Beyond,TV Show,2021,British TV Shows,Netflix,2021-09-07,tt15211330,7.3,150,,
102,Countdown: Inspiration4 Mission to Space,TV Show,2021,Docuseries,Netflix,2021-09-06,tt15166116,7.8,"2,086",,
103,Shadow Parties,Movie,2020,Dramas,Netflix,2021-09-06,tt10168094,7.0,12,N/A,N/A
104,Tayo the Little Bus,TV Show,2016,Kids' TV,Netflix,2021-09-06,tt3270208,5.3,185,,
105,Angamaly Diaries,Movie,2017,Action & Adventure,Netflix,2021-09-05,tt6167894,7.9,"6,591",N/A,N/A
106,Bunk'd,TV Show,2021,Kids' TV,Netflix,2021-09-05,tt4591680,5.4,"4,021",,
107,A Champion Heart,Movie,2018,Children & Family Movies,Netflix,2021-09-04,tt4738912,6.0,446,N/A,N/A
108,La casa de papel,TV Show,2021,Crime TV Shows,Netflix,2021-09-03,tt26340796,N/A,17,N/A,N/A
109,Dive Club,TV Show,2021,Kids' TV,Netflix,2021-09-03,tt13275052,6.2,"1,221",,
110,Money Heist: From Tokyo to Berlin,TV Show,2021,Docuseries,Netflix,2021-09-03,tt15384346,7.6,"1,193",,
111,Sharkdog,TV Show,2021,Kids' TV,Netflix,2021-09-03,tt12211696,6.0,227,,
112,Worth,Movie,2021,Dramas,Netflix,2021-09-03,tt8009744,6.8,"18,185",N/A,N/A
113,In the Cut,Movie,2003,Thrillers,Netflix,2021-09-02,tt0199626,5.4,"26,106","$4,750,602",N/A
114,Luv Kushh,TV Show,2012,Kids' TV,Netflix,2021-09-02,tt6536554,N/A,N/A,N/A,N/A
115,Heroes of Goo Jit Zu,TV Show,2021,Kids' TV,Netflix,2021-09-02,tt10589932,7.4,46,,
116,Pororo - The Little Penguin,TV Show,2013,Kids' TV,Netflix,2021-09-02,tt3968668,6.1,134,,
117,Q-Force,TV Show,2021,Crime TV Shows,Netflix,2021-09-02,tt10140028,6.7,"6,490",,
118,Shikara,Movie,2020,Dramas,Netflix,2021-09-02,tt10930586,3.4,"15,452",N/A,N/A
119,Hotel Del Luna,TV Show,2019,International TV Shows,Netflix,2021-09-02,tt10220588,8.1,"13,286",,
120,Dhanak,Movie,2015,Comedies,Netflix,2021-09-02,,,,,
121,Here and There,Movie,2020,Dramas,Netflix,2021-09-02,tt14766058,N/A,88,N/A,N/A
122,Final Account,Movie,2021,Documentaries,Netflix,2021-09-02,tt12789212,7.2,"1,643","$308,976",N/A
123,Bright Star,Movie,2009,Dramas,Netflix,2021-09-02,tt0810784,6.9,"28,649","$4,444,637",N/A
124,Anjaam,Movie,1994,Dramas,Netflix,2021-09-02,tt0109134,6.6,"7,147",N/A,N/A
125,Afterlife of the Party,Movie,2021,Comedies,Netflix,2021-09-02,tt11742798,5.8,"10,627",N/A,N/A
126,Gurgaon,Movie,2017,Dramas,Netflix,2021-09-02,tt4699202,6.4,"2,450",N/A,N/A
127,My Boss's Daughter,Movie,2003,Comedies,Netflix,2021-09-01,tt0270980,4.7,"30,601","$15,550,605",N/A
128,Open Season 2,Movie,2008,Children & Family Movies,Netflix,2021-09-01,tt1107365,5.5,"26,350",N/A,N/A
129,Once Upon a Time in America,Movie,1984,Classic Movies,Netflix,2021-09-01,tt0087843,8.3,"375,767","$5,321,508",N/A
130,Oldsters,TV Show,2019,Crime TV Shows,Netflix,2021-09-01,,,,,
131,Mystery Men,Movie,1999,Action & Adventure,Netflix,2021-09-01,tt0132347,6.1,"70,482","$29,762,011",N/A
132,Major Dad,TV Show,1992,TV Comedies,Netflix,2021-09-01,tt0096643,6.5,"3,129",,
133,Marshall,Movie,2017,Dramas,Netflix,2021-09-01,tt5301662,7.3,"26,798","$10,051,659",N/A
134,Mars Attacks!,Movie,1996,Comedies,Netflix,2021-09-01,tt0116996,6.4,"242,847","$37,781,197",N/A
135,Poseidon,Movie,2006,Action & Adventure,Netflix,2021-09-01,tt0409182,5.7,"110,219","$60,674,817",N/A
136,Love in a Puff,Movie,2010,Comedies,Netflix,2021-09-01,tt1602479,7.1,"2,864",N/A,N/A
137,Love Don't Cost a Thing,Movie,2003,Comedies,Netflix,2021-09-01,tt0337592,5.2,"9,339","$21,924,226",N/A
138,Level 16,Movie,2018,Sci-Fi & Fantasy,Netflix,2021-09-01,tt4006302,6.1,"16,115",N/A,N/A
139,Osmosis Jones,Movie,2001,Action & Adventure,Netflix,2021-09-01,tt0181739,6.3,"38,745","$13,596,911",N/A
140,Snervous Tyler Oakley,Movie,2015,Documentaries,Netflix,2021-09-01,tt5073746,5.5,482,N/A,N/A
141,Same Kind of Different as Me,Movie,2017,Dramas,Netflix,2021-09-01,tt1230168,6.6,"8,540","$6,423,605",N/A
142,School of Rock,Movie,2003,Comedies,Netflix,2021-09-01,tt0332379,7.2,"329,333","$81,261,177",N/A
143,Tears of the Sun,Movie,2003,Action & Adventure,Netflix,2021-09-01,tt0314353,6.6,"130,260","$43,734,876",N/A
144,The Blue Lagoon,Movie,1980,Dramas,Netflix,2021-09-01,tt0080453,5.8,"76,199","$58,853,106",N/A
145,The Golden Child,Movie,1986,Action & Adventure,Netflix,2021-09-01,tt0091129,6.0,"59,276","$79,817,937",N/A
146,The Guns of Navarone,Movie,1961,Action & Adventure,Netflix,2021-09-01,tt0054953,7.5,"55,162",N/A,N/A
147,The Interview,Movie,2014,Action & Adventure,Netflix,2021-09-01,tt2788710,6.5,"352,726","$6,105,175",N/A
148,The Nutty Professor,Movie,1996,Comedies,Netflix,2021-09-01,tt0117218,5.7,"123,340","$128,814,019",N/A
149,The Nutty Professor II: The Klumps,Movie,2000,Comedies,Netflix,2021-09-01,tt7892058,N/A,N/A,N/A,N/A
150,Turning Point: 9/11 and the War on Terror,TV Show,2021,Docuseries,Netflix,2021-09-01,tt15260794,7.9,"11,113",,
151,Welcome Home Roscoe Jenkins,Movie,2008,Comedies,Netflix,2021-09-01,tt0494652,5.5,"15,661","$42,436,517",N/A
152,Labyrinth,Movie,1986,Action & Adventure,Netflix,2021-09-01,tt0091369,7.3,"148,603","$13,723,253",N/A
153,Letters to Juliet,Movie,2010,Comedies,Netflix,2021-09-01,tt0892318,6.5,"106,976","$53,032,453",N/A
154,Rhyme & Reason,Movie,1997,Documentaries,Netflix,2021-09-01,tt0120014,7.4,913,"$1,608,277",N/A
155,Kuroko's Basketball,TV Show,2015,Anime Series,Netflix,2021-09-01,tt2348803,8.2,"11,242",,
156,A Cinderella Story,Movie,2004,Children & Family Movies,Netflix,2021-09-01,tt0356470,5.9,"93,633","$51,438,175",N/A
157,Kid-E-Cats,TV Show,2016,Kids' TV,Netflix,2021-09-01,tt7038964,6.7,177,,
158,Agatha Christie's Crooked House,Movie,2017,Dramas,Netflix,2021-09-01,,,,,
159,An Unfinished Life,Movie,2005,Dramas,Netflix,2021-09-01,tt0350261,7.0,"33,771","$8,586,392",N/A
160,Blade Runner: The Final Cut,Movie,1982,Action & Adventure,Netflix,2021-09-01,,,,,
161,Brave Animated Series,TV Show,2021,International TV Shows,Netflix,2021-09-01,tt17545256,7.6,38,,
162,Chappie,Movie,2015,Action & Adventure,Netflix,2021-09-01,tt1823672,6.8,"269,022","$31,569,268",N/A
163,Clear and Present Danger,Movie,1994,Action & Adventure,Netflix,2021-09-01,tt0109444,6.9,"107,855","$122,187,717",N/A
164,Cliffhanger,Movie,1993,Action & Adventure,Netflix,2021-09-01,tt0106582,6.5,"139,481","$84,049,211",N/A
165,Cold Mountain,Movie,2003,Dramas,Netflix,2021-09-01,tt0159365,7.2,"155,800","$95,636,509",N/A
166,Crocodile Dundee in Los Angeles,Movie,2001,Action & Adventure,Netflix,2021-09-01,tt0231402,4.8,"26,188","$25,635,682",N/A
167,Dear John,Movie,2010,Dramas,Netflix,2021-09-01,tt0989757,6.3,"157,302","$80,014,842",N/A
168,Do the Right Thing,Movie,1989,Classic Movies,Netflix,2021-09-01,tt0097216,8.0,"111,902","$27,545,445",N/A
169,Barbie Big City Big Dreams,Movie,2021,Children & Family Movies,Netflix,2021-09-01,tt15053428,5.8,525,N/A,N/A
170,"El patrón, radiografía de un crimen",Movie,2014,Dramas,Netflix,2021-09-01,,,,,
171,Extraction,Movie,2015,Action & Adventure,Netflix,2021-09-01,tt8936646,6.8,"261,952",N/A,N/A
172,Freedom Writers,Movie,2007,Dramas,Netflix,2021-09-01,tt0463998,7.6,"84,894","$36,605,602",N/A
173,Green Lantern,Movie,2011,Action & Adventure,Netflix,2021-09-01,tt1133985,5.5,"295,555","$116,601,172",De Line Pictures
174,House Party,Movie,1990,Comedies,Netflix,2021-09-01,tt0099800,6.5,"16,652","$26,385,627",N/A
175,House Party 2,Movie,1991,Comedies,Netflix,2021-09-01,tt0102065,5.3,"7,088","$19,438,638",N/A
176,House Party 3,Movie,1994,Comedies,Netflix,2021-09-01,tt0110064,4.7,"5,618","$19,281,235",N/A
177,How to Be a Cowboy,TV Show,2021,Reality TV,Netflix,2021-09-01,tt13438900,7.5,189,,
178,HQ Barbers,TV Show,2020,TV Shows,Netflix,2021-09-01,,,,,
179,I Got the Hook Up,Movie,1998,Action & Adventure,Netflix,2021-09-01,tt0131436,4.1,"2,400","$10,317,779",N/A
180,Janoskians: Untold and Untrue,Movie,2016,Comedies,Netflix,2021-09-01,tt4841640,3.6,183,N/A,N/A
181,In Too Deep,Movie,1999,Thrillers,Netflix,2021-09-01,tt0160401,6.2,"7,115","$14,011,454",N/A
182,Initial D,Movie,2005,Action & Adventure,Netflix,2021-09-01,tt0439630,6.3,"9,707",N/A,N/A
183,In the Line of Fire,Movie,1993,Action & Adventure,Netflix,2021-08-31,tt0107206,7.2,"113,190","$102,314,823",N/A
184,Sparking Joy,TV Show,2021,Reality TV,Netflix,2021-08-31,tt14550060,6.4,490,,
185,Untold: Crime & Penalties,Movie,2021,Documentaries,Netflix,2021-08-31,,,,,
186,The Ingenuity of the Househusband,TV Show,2021,International TV Shows,Netflix,2021-08-29,tt15170710,6.7,563,,
187,Hometown Cha-Cha-Cha,TV Show,2021,International TV Shows,Netflix,2021-08-29,tt14518756,8.4,"19,222",,
188,Bread Barbershop,TV Show,2020,Kids' TV,Netflix,2021-08-28,tt12912830,6.8,230,,
189,Thimmarusu,Movie,2021,Dramas,Netflix,2021-08-28,tt13310936,7.1,"1,684",N/A,N/A
190,Wind River,Movie,2017,Dramas,Netflix,2021-08-28,tt5362988,7.7,"279,366","$33,800,859",N/A
191,2 Alone in Paris,Movie,2008,Comedies,Netflix,2021-08-28,tt1077097,5.4,"2,702",N/A,N/A
192,RIDE ON TIME,TV Show,2021,Docuseries,Netflix,2021-08-27,tt12744114,N/A,N/A,N/A,N/A
193,Once Upon a Time in Mumbaai,Movie,2010,Dramas,Netflix,2021-08-27,tt1395054,7.4,"18,561",N/A,N/A
194,Once Upon a Time in Mumbai Dobaara!,Movie,2013,Dramas,Netflix,2021-08-27,,,,,
195,Ragini MMS,Movie,2011,Horror Movies,Netflix,2021-08-27,tt1890513,5.1,"2,793",N/A,N/A
196,Ragini MMS 2,Movie,2014,Horror Movies,Netflix,2021-08-27,tt2609218,3.9,"3,078",N/A,N/A
197,Rebellion,TV Show,2016,International TV Shows,Netflix,2021-08-27,tt4699982,7.2,"4,515",,
198,Shootout at Lokhandwala,Movie,2007,Action & Adventure,Netflix,2021-08-27,tt0811066,7.1,"10,816","$289,232",N/A
199,SAS: Rise of the Black Swan,Movie,2021,Action & Adventure,Netflix,2021-08-27,,,,,
200,Shor In the City,Movie,2011,Comedies,Netflix,2021-08-27,tt1916728,7.2,"4,064",N/A,N/A
201,The Dirty Picture,Movie,2011,Comedies,Netflix,2021-08-27,tt1954206,6.6,"10,342",N/A,N/A
202,Titletown High,TV Show,2021,Reality TV,Netflix,2021-08-27,tt15192032,5.8,420,,
203,"LSD: Love, Sex Aur Dhokha",Movie,2010,Dramas,Netflix,2021-08-27,tt1608777,7.2,"6,039",N/A,N/A
204,Mission Istaanbul: Darr Ke Aagey Jeet Hai,Movie,2008,Action & Adventure,Netflix,2021-08-27,tt1179781,3.5,"1,242",N/A,N/A
205,Krishna Cottage,Movie,2004,Action & Adventure,Netflix,2021-08-27,tt0408976,5.2,"1,369",N/A,N/A
206,Kyo Kii... Main Jhuth Nahin Bolta,Movie,2001,Comedies,Netflix,2021-08-27,tt0297241,5.4,"2,542",N/A,N/A
207,King of Boys: The Return of the King,TV Show,2021,Crime TV Shows,Netflix,2021-08-27,tt15192042,6.8,315,,
208,Kyaa Super Kool Hain Hum,Movie,2012,Comedies,Netflix,2021-08-27,tt2027138,5.0,"4,142",N/A,FLM Films
209,D.P.,TV Show,2021,International TV Shows,Netflix,2021-08-27,tt13024974,8.2,"9,104",,
210,Deadly Sins,TV Show,2002,International TV Shows,Netflix,2021-08-27,tt0112830,4.6,547,N/A,N/A
211,He's All That,Movie,2021,Comedies,Netflix,2021-08-27,tt4590256,4.4,"28,535",N/A,N/A
212,I Heart Arlo,TV Show,2021,Kids' TV,Netflix,2021-08-27,tt13573450,7.0,271,,
213,EMI: Liya Hai To Chukana Padega,Movie,2008,Comedies,Netflix,2021-08-27,tt1221133,4.4,663,N/A,N/A
214,Koi Aap Sa,Movie,2006,Comedies,Netflix,2021-08-27,tt0488840,5.6,288,N/A,N/A
215,C Kkompany,Movie,2008,Action & Adventure,Netflix,2021-08-27,tt1170399,5.5,"1,315",N/A,N/A
216,Kucch To Hai,Movie,2003,Dramas,Netflix,2021-08-27,tt0348662,4.4,982,N/A,N/A
217,Kyaa Kool Hai Hum,Movie,2005,Comedies,Netflix,2021-08-27,tt0456500,6.1,"3,748",N/A,N/A
218,Kyaa Kool Hain Hum 3,Movie,2016,Comedies,Netflix,2021-08-27,tt5290620,1.9,"4,500",N/A,N/A
219,EDENS ZERO,TV Show,2021,Anime Series,Netflix,2021-08-26,tt13167196,7.1,"2,012",,
220,Family Reunion,TV Show,2021,Kids' TV,Netflix,2021-08-26,tt9153270,6.6,"3,503",,
221,Really Love,Movie,2020,Dramas,Netflix,2021-08-25,tt8722624,6.2,"1,096",N/A,N/A
222,Wheel of Fortune,TV Show,2019,Reality TV,Netflix,2021-08-25,tt0072584,6.7,"3,532",,
223,The Water Man,Movie,2021,Children & Family Movies,Netflix,2021-08-25,tt4779326,5.6,"4,592","$383,234",N/A
224,The River Runner,Movie,2021,Documentaries,Netflix,2021-08-25,tt15293256,6.9,"2,022",N/A,N/A
225,The Old Ways,Movie,2020,Horror Movies,Netflix,2021-08-25,tt12829958,5.4,"7,764",N/A,N/A
226,The November Man,Movie,2014,Action & Adventure,Netflix,2021-08-25,tt2402157,6.3,"70,404","$25,018,119",N/A
227,Open Your Eyes,TV Show,2021,International TV Shows,Netflix,2021-08-25,tt0125659,7.7,"73,059","$370,720",N/A
228,Post Mortem: No One Dies in Skarnes,TV Show,2021,International TV Shows,Netflix,2021-08-25,tt13053222,7.1,"4,075",,
229,John of God: The Crimes of a Spiritual Healer,TV Show,2021,Crime TV Shows,Netflix,2021-08-25,tt15233856,6.5,"1,021",,
230,Clickbait,TV Show,2021,Crime TV Shows,Netflix,2021-08-25,tt10888878,7.2,"60,112",,
231,"Bob Ross: Happy Accidents, Betrayal & Greed",Movie,2021,Documentaries,Netflix,2021-08-25,tt14539744,6.9,"6,725",N/A,N/A
232,Motel Makeover,TV Show,2021,International TV Shows,Netflix,2021-08-25,tt15128558,5.0,842,,
233,Count Me In,Movie,2021,Documentaries,Netflix,2021-08-24,tt6889042,6.8,"2,172",N/A,N/A
234,Oggy Oggy,TV Show,2021,Kids' TV,Netflix,2021-08-24,,,,,
235,Untold: Caitlyn Jenner,Movie,2021,Documentaries,Netflix,2021-08-24,tt15101946,6.5,"2,981",N/A,N/A
236,Boomika (Telugu),Movie,2021,Horror Movies,Netflix,2021-08-23,,,,,
237,The Witcher: Nightmare of the Wolf,Movie,2021,Action & Adventure,Netflix,2021-08-23,tt11657662,7.2,"49,958",N/A,N/A
238,Boomika,Movie,2021,Horror Movies,Netflix,2021-08-23,tt11073148,5.0,"2,695",N/A,N/A
239,Boomika (Malayalam),Movie,2021,Horror Movies,Netflix,2021-08-23,,,,,
240,Boomika (Hindi),Movie,2021,Horror Movies,Netflix,2021-08-23,,,,,
241,Manifest,TV Show,2021,TV Dramas,Netflix,2021-08-21,tt8421350,7.1,"90,595",,
242,The Loud House Movie,Movie,2021,Children & Family Movies,Netflix,2021-08-20,tt6714432,6.1,"2,809",N/A,N/A
243,Man in Love,Movie,2021,Dramas,Netflix,2021-08-20,tt14428606,7.0,"3,006",N/A,N/A
244,Sweet Girl,Movie,2021,Action & Adventure,Netflix,2021-08-20,tt10731768,5.5,"35,228",N/A,N/A
245,The Chair,TV Show,2021,TV Comedies,Netflix,2021-08-20,tt11834150,7.2,"18,879",,
246,Korean Cold Noodle Rhapsody,TV Show,2021,Docuseries,Netflix,2021-08-20,tt15772846,N/A,47,,
247,Everything Will Be Fine,TV Show,2021,International TV Shows,Netflix,2021-08-20,tt1403846,6.1,843,N/A,N/A
248,Comedy Premium League,TV Show,2021,International TV Shows,Netflix,2021-08-20,tt14167428,4.8,"1,656",,
249,Gunshot,Movie,2018,Dramas,Netflix,2021-08-20,tt8098636,6.8,697,N/A,N/A
250,A Faraway Land,Movie,2020,Dramas,Netflix,2021-08-19,tt15260940,5.1,167,N/A,N/A
251,Like Crazy,Movie,2011,Dramas,Netflix,2021-08-19,tt1758692,6.6,"63,077","$3,395,391",N/A
252,Out of my league,Movie,2020,Comedies,Netflix,2021-08-18,tt11154906,6.1,"3,141",N/A,N/A
253,Untold: Deal With the Devil,Movie,2021,Documentaries,Netflix,2021-08-18,tt15085794,7.3,"2,749",N/A,N/A
254,The Secret Diary of an Exchange Student,Movie,2021,Comedies,Netflix,2021-08-18,tt11594766,5.4,"1,076",N/A,N/A
255,The Defeated,TV Show,2020,Crime TV Shows,Netflix,2021-08-18,tt8879894,7.1,"8,058",,
256,Pahuna,Movie,2018,Comedies,Netflix,2021-08-18,tt8374716,N/A,N/A,N/A,N/A
257,Nneka The Pretty Serpent,Movie,2020,Dramas,Netflix,2021-08-18,tt13809646,4.0,168,N/A,N/A
258,O Kadhal Kanmani,Movie,2015,Dramas,Netflix,2021-08-18,tt4271820,7.4,"6,673",N/A,N/A
259,Memories of a Murderer: The Nilsen Tapes,Movie,2021,Documentaries,Netflix,2021-08-18,tt15085784,6.3,"4,269",N/A,N/A
260,Go! Go! Cory Carson,TV Show,2021,Kids' TV,Netflix,2021-08-18,tt8115702,7.9,299,,
261,Bombay,Movie,1995,Dramas,Netflix,2021-08-18,tt0112553,8.1,"13,503",N/A,N/A
262,Black Island,Movie,2021,International Movies,Netflix,2021-08-18,tt12881516,5.2,"3,337",N/A,N/A
263,Mother Goose Club,TV Show,2016,Kids' TV,Netflix,2021-08-16,tt3040470,7.5,187,,
264,Walk of Shame,Movie,2014,Comedies,Netflix,2021-08-16,tt2463288,6.0,"56,796","$59,209",N/A
265,The Piano,Movie,1993,Classic Movies,Netflix,2021-08-15,tt0107822,7.5,"94,872","$40,157,856",N/A
266,Unroyal,Movie,2020,Dramas,Netflix,2021-08-15,tt15526612,N/A,19,N/A,N/A
267,Winx Club,TV Show,2015,Kids' TV,Netflix,2021-08-15,tt0421482,6.1,"7,614",,
268,The Creative Indians,TV Show,2020,Docuseries,Netflix,2021-08-15,tt9583184,8.3,51,,
269,Rascal Does Not Dream of Bunny Girl Senpai,TV Show,2018,Anime Series,Netflix,2021-08-15,tt8993398,8.0,"16,274",,
270,Beckett,Movie,2021,Action & Adventure,Netflix,2021-08-13,tt10230994,5.7,"28,413",N/A,N/A
271,Brand New Cherry Flavor,TV Show,2021,TV Dramas,Netflix,2021-08-13,tt11343600,7.1,"19,031",,
272,Fast & Furious Spy Racers,TV Show,2021,Kids' TV,Netflix,2021-08-13,tt8322592,5.9,"1,716",,
273,Gone for Good,TV Show,2021,Crime TV Shows,Netflix,2021-08-13,tt14252964,6.3,"5,257",,
274,Grace and Frankie,TV Show,2021,TV Comedies,Netflix,2021-08-13,tt3609352,8.2,"56,777",,
275,The Kingdom,TV Show,2021,Crime TV Shows,Netflix,2021-08-13,tt0431197,7.0,"132,252","$47,536,778",N/A
276,Valeria,TV Show,2021,International TV Shows,Netflix,2021-08-13,tt9731288,6.6,"7,709",,
277,AlRawabi School for Girls,TV Show,2021,International TV Shows,Netflix,2021-08-12,tt10183912,7.1,"9,070",,
278,Lokillo: Nothing's the Same,Movie,2021,Stand-Up Comedy,Netflix,2021-08-12,tt14494898,4.7,60,N/A,N/A
279,Monster Hunter: Legends of the Guild,Movie,2021,Action & Adventure,Netflix,2021-08-12,tt9174358,5.1,"1,480",N/A,N/A
280,Misha and the Wolves,Movie,2021,Documentaries,Netflix,2021-08-11,tt13648220,6.7,"3,322",N/A,N/A
281,The Railway Man,Movie,2013,Dramas,Netflix,2021-08-11,tt2058107,7.1,"42,539","$4,438,438",N/A
282,The Kissing Booth 3,Movie,2021,Comedies,Netflix,2021-08-11,tt12783454,4.8,"21,928",N/A,N/A
283,Bake Squad,TV Show,2021,Reality TV,Netflix,2021-08-11,tt15078760,6.9,"1,108",,
284,La diosa del asfalto,Movie,2020,Dramas,Netflix,2021-08-11,,,,,
285,Brother Jekwu,Movie,2016,Comedies,Netflix,2021-08-11,tt8857316,N/A,N/A,N/A,N/A
286,Gabby's Dollhouse,TV Show,2021,Kids' TV,Netflix,2021-08-10,tt9165438,7.2,724,,
287,I Need Romance,TV Show,2021,International TV Shows,Netflix,2021-08-10,tt3340752,7.0,296,,
288,Las muñecas de la mafia,TV Show,2018,Crime TV Shows,Netflix,2021-08-10,tt1585368,6.6,355,,
289,The Crowned Clown,TV Show,2019,International TV Shows,Netflix,2021-08-10,tt9266592,8.0,"1,459",,
290,Untold: Malice at the Palace,Movie,2021,Documentaries,Netflix,2021-08-10,tt15085802,7.5,"9,658",N/A,N/A
291,SHAMAN KING,TV Show,2021,Anime Series,Netflix,2021-08-09,tt0367409,8.0,"6,444",,
292,Slay,Movie,2021,Comedies,Netflix,2021-08-08,tt14033300,3.7,117,N/A,N/A
293,Quartet,Movie,2012,Comedies,Netflix,2021-08-08,tt1441951,6.8,"21,095","$18,390,117",N/A
294,The Paper Tigers,Movie,2021,Action & Adventure,Netflix,2021-08-07,tt6060444,6.3,"5,195","$112,691",N/A
295,Takizawa Kabuki ZERO 2020 The Movie,Movie,2020,International Movies,Netflix,2021-08-07,,,,,
296,Hit & Run,TV Show,2021,TV Action & Adventure,Netflix,2021-08-06,tt9073940,7.0,"10,975",,
297,Quam's Money,Movie,2020,Comedies,Netflix,2021-08-06,tt13113544,4.3,77,N/A,N/A
298,The Swarm,Movie,2021,Horror Movies,Netflix,2021-08-06,tt0078350,4.5,"8,520",N/A,N/A
299,Vivo,Movie,2021,Children & Family Movies,Netflix,2021-08-06,tt6338498,6.7,"21,597",N/A,N/A
300,Navarasa,TV Show,2021,TV Shows,Netflix,2021-08-06,tt13357946,5.8,"3,755",,
301,Esperando la carroza,Movie,1985,Comedies,Netflix,2021-08-05,tt29606354,N/A,N/A,,
302,Lady Boss: The Jackie Collins Story,Movie,2021,Documentaries,Netflix,2021-08-05,tt13244024,6.8,491,N/A,N/A
303,Tango Feroz,Movie,1993,Classic Movies,Netflix,2021-08-05,tt0458136,7.5,14,N/A,N/A
304,City of God: 10 Years Later,Movie,2013,Documentaries,Netflix,2021-08-05,tt4103686,6.4,"1,467",N/A,N/A
305,Chennai Express,Movie,2013,Action & Adventure,Netflix,2021-08-05,tt2112124,6.1,"62,902","$5,307,960",N/A
306,'76,Movie,2016,Dramas,Netflix,2021-08-04,tt2369317,4.9,"8,592",N/A,N/A
307,American Masters: Inventing David Geffen,Movie,2012,Movies,Netflix,2021-08-04,,,,,
308,Car Masters: Rust to Riches,TV Show,2021,Reality TV,Netflix,2021-08-04,tt8893550,8.3,"11,615",,
309,Cocaine Cowboys: The Kings of Miami,TV Show,2021,Crime TV Shows,Netflix,2021-08-04,tt15049206,7.1,"3,216",,
310,Control Z,TV Show,2021,International TV Shows,Netflix,2021-08-04,tt11937662,6.8,"10,738",,
311,Cooking With Paris,TV Show,2021,Reality TV,Netflix,2021-08-04,tt15036422,5.4,"1,208",,
312,Aftermath,Movie,2021,Horror Movies,Netflix,2021-08-04,tt4581576,5.7,"26,692",N/A,N/A
313,Shiny_Flakes: The Teenage Drug Lord,Movie,2021,Documentaries,Netflix,2021-08-03,tt15036416,7.3,"5,856",N/A,N/A
314,You're My Destiny,TV Show,2008,International TV Shows,Netflix,2021-08-03,tt10041404,7.6,58,,
315,Two Fathers,TV Show,2013,International TV Shows,Netflix,2021-08-03,tt6707142,7.7,76,,
316,Top Secret UFO Projects: Declassified,TV Show,2021,Docuseries,Netflix,2021-08-03,tt14992232,5.6,"1,867",,
317,The Prince Who Turns into a Frog,TV Show,2005,International TV Shows,Netflix,2021-08-03,,,,,
318,Pray Away,Movie,2021,Documentaries,Netflix,2021-08-03,tt11224358,6.5,"3,531",N/A,N/A
319,Office Girls,TV Show,2011,International TV Shows,Netflix,2021-08-03,tt4381290,6.8,183,,
320,Heavy,Movie,1995,Dramas,Netflix,2021-08-03,tt0113280,6.7,"5,826","$941,414",N/A
321,Autumn's Concerto,TV Show,2009,International TV Shows,Netflix,2021-08-03,tt3530668,7.8,575,,
322,Ije: The Journey,Movie,2010,Dramas,Netflix,2021-08-03,tt1578582,6.2,117,N/A,N/A
323,Team America: World Police,Movie,2004,Action & Adventure,Netflix,2021-08-01,tt0372588,7.2,"178,193","$32,786,074",N/A
324,My Girl 2,Movie,1994,Children & Family Movies,Netflix,2021-08-01,tt0110613,5.3,"20,795","$17,359,799",N/A
325,Open Season: Scared Silly,Movie,2015,Children & Family Movies,Netflix,2021-08-01,tt4938374,5.0,"3,772",N/A,N/A
326,Pineapple Express,Movie,2008,Action & Adventure,Netflix,2021-08-01,tt0910936,6.9,"356,267","$87,341,380",N/A
327,Planet 51,Movie,2009,Children & Family Movies,Netflix,2021-08-01,tt0762125,6.0,"58,428","$42,194,060",N/A
328,Poms,Movie,2019,Comedies,Netflix,2021-08-01,tt5125894,6.1,"7,159","$13,631,124",N/A
329,Seabiscuit,Movie,2003,Dramas,Netflix,2021-08-01,tt0329575,7.3,"76,604","$120,277,854",N/A
330,Space Cowboys,Movie,2000,Action & Adventure,Netflix,2021-08-01,tt0186566,6.5,"85,824","$90,464,773",N/A
331,The Haunting in Connecticut 2: Ghosts of Georgia,Movie,2013,Horror Movies,Netflix,2021-08-01,tt1457765,5.3,"18,176",N/A,N/A
332,The Edge of Seventeen,Movie,2016,Comedies,Netflix,2021-08-01,tt1878870,7.3,"139,843","$14,431,633",N/A
333,The Last Boy Scout,Movie,1991,Action & Adventure,Netflix,2021-08-01,tt0102266,7.0,"111,624","$59,509,925",N/A
334,The Lincoln Lawyer,Movie,2011,Dramas,Netflix,2021-08-01,tt1189340,7.3,"253,044","$58,009,200",N/A
335,The Losers,Movie,2010,Action & Adventure,Netflix,2021-08-01,tt0480255,6.2,"106,778","$23,591,432",N/A
336,The Machinist,Movie,2004,Dramas,Netflix,2021-08-01,tt0361862,7.6,"414,240","$1,082,715",N/A
337,The Net,Movie,1995,Thrillers,Netflix,2021-08-01,tt0113957,6.0,"73,675","$50,727,965",N/A
338,Valentine's Day,Movie,2010,Comedies,Netflix,2021-08-01,tt0817230,5.7,"125,385","$110,528,528",N/A
339,Major Payne,Movie,1995,Comedies,Netflix,2021-08-01,tt0110443,6.3,"38,956","$29,412,050",N/A
340,My Girl,Movie,1991,Dramas,Netflix,2021-08-01,tt0102492,6.9,"88,571","$59,489,799",N/A
341,The Original Kings of Comedy,Movie,2000,Stand-Up Comedy,Netflix,2021-08-01,tt0236388,6.8,"6,059","$38,182,790",N/A
342,Magnolia,Movie,1999,Dramas,Netflix,2021-08-01,tt0175880,8.0,"327,495","$22,455,976",N/A
343,Darwin’s Game,TV Show,2020,Anime Series,Netflix,2021-08-01,tt11405390,7.2,"3,355",,
344,44 Cats,TV Show,2020,Kids' TV,Netflix,2021-08-01,tt9699148,6.1,326,,
345,30 Rock,TV Show,2012,TV Comedies,Netflix,2021-08-01,tt0496424,8.3,"131,938",,
346,Beethoven,Movie,1992,Children & Family Movies,Netflix,2021-08-01,tt0103786,5.7,"76,219","$57,114,049",N/A
347,Beethoven's 2nd,Movie,1993,Children & Family Movies,Netflix,2021-08-01,tt0106375,4.9,"29,626","$53,443,066",N/A
348,Beowulf,Movie,2007,Action & Adventure,Netflix,2021-08-01,tt0442933,6.3,"173,344","$82,280,579",N/A
349,Boyka: Undisputed,Movie,2016,Action & Adventure,Netflix,2021-08-01,tt3344680,7.0,"26,480",N/A,N/A
350,Catch Me If You Can,Movie,2002,Dramas,Netflix,2021-08-01,tt0264464,8.1,"1,094,745","$164,615,351",N/A
351,Cloudy with a Chance of Meatballs,Movie,2009,Children & Family Movies,Netflix,2021-08-01,tt0844471,6.9,"257,602","$124,870,275",N/A
352,Inception,Movie,2010,Action & Adventure,Netflix,2021-08-01,tt1375666,8.8,"2,547,638","$292,587,330",N/A
353,Deep Blue Sea,Movie,1999,Action & Adventure,Netflix,2021-08-01,tt0149261,5.9,"142,269","$73,648,142",N/A
354,Five Feet Apart,Movie,2019,Dramas,Netflix,2021-08-01,tt6472976,7.2,"81,919","$45,729,221",N/A
355,Freedomland,Movie,2006,Dramas,Netflix,2021-08-01,tt0349467,5.2,"17,182","$12,512,886",N/A
356,Friday Night Lights,TV Show,2010,TV Dramas,Netflix,2021-08-01,tt0758745,8.7,"72,304",,
357,Good Luck Chuck,Movie,2007,Comedies,Netflix,2021-08-01,tt0452625,5.6,"94,104","$35,017,297",N/A
358,Hunter X Hunter (2011),TV Show,2014,Anime Series,Netflix,2021-08-01,,,,,
359,I missed you: Director's Cut,Movie,2021,Dramas,Netflix,2021-08-01,,,,,
360,Ferris Bueller's Day Off,Movie,1986,Classic Movies,Netflix,2021-08-01,tt0091042,7.8,"384,631","$70,136,369",N/A
361,Charmed,TV Show,2021,TV Dramas,Netflix,2021-07-31,tt0158552,7.2,"91,271",,
362,The Lost Café,Movie,2018,Dramas,Netflix,2021-07-31,tt7371662,6.3,38,N/A,N/A
363,The Vault,Movie,2021,Action & Adventure,Netflix,2021-07-31,tt9742794,6.4,"30,592",N/A,N/A
364,Outer Banks,TV Show,2021,TV Action & Adventure,Netflix,2021-07-30,tt10293938,7.5,"77,637",,
365,The Last Mercenary,Movie,2021,Action & Adventure,Netflix,2021-07-30,tt12808182,5.3,"9,710",N/A,N/A
366,Rurouni Kenshin: The Beginning,Movie,2021,Action & Adventure,Netflix,2021-07-30,,,,,
367,Pomegranates and Myrrh,Movie,2009,Dramas,Netflix,2021-07-30,,,,,
368,Myth & Mogul: John DeLorean,TV Show,2021,British TV Shows,Netflix,2021-07-30,tt14968268,6.8,"1,325",,
369,Khawatir,TV Show,2009,International TV Shows,Netflix,2021-07-30,tt3062514,9.5,"3,238",,
370,I'm Glad I Did,Movie,2020,Documentaries,Netflix,2021-07-30,tt15139398,8.4,"1,627",N/A,N/A
371,Glow Up,TV Show,2021,British TV Shows,Netflix,2021-07-30,tt9680524,7.0,"2,979",,
372,Eyes of a Thief,Movie,2014,Dramas,Netflix,2021-07-30,tt2993406,6.5,498,N/A,N/A
373,Centaurworld,TV Show,2021,Kids' TV,Netflix,2021-07-30,tt10919290,7.7,"2,751",,
374,Flower Girl,Movie,2013,Comedies,Netflix,2021-07-29,tt1316414,5.9,"1,026",N/A,N/A
375,Resort to Love,Movie,2021,Comedies,Netflix,2021-07-29,tt12929990,5.7,"6,732",N/A,N/A
376,Transformers: War for Cybertron: Kingdom,TV Show,2021,Anime Series,Netflix,2021-07-29,,,,,
377,Bartkowiak,Movie,2021,Action & Adventure,Netflix,2021-07-28,tt14315566,5.1,"1,408",N/A,N/A
378,Fantastic Fungi,Movie,2019,Documentaries,Netflix,2021-07-28,tt8258074,7.4,"11,543","$1,788,322",N/A
379,Tattoo Redo,TV Show,2021,Reality TV,Netflix,2021-07-28,tt14956090,5.9,955,,
380,The Flash,TV Show,2021,Crime TV Shows,Netflix,2021-07-28,tt3107288,7.5,"367,449",,
381,The Snitch Cartel: Origins,TV Show,2021,Crime TV Shows,Netflix,2021-07-28,tt14417802,5.9,253,,
382,Mighty Express,TV Show,2021,Kids' TV,Netflix,2021-07-27,tt11860336,3.9,149,,
383,The Operative,Movie,2019,Dramas,Netflix,2021-07-27,tt8000718,5.8,"7,477",N/A,N/A
384,Mimi,Movie,2021,Comedies,Netflix,2021-07-27,tt10895576,7.8,"43,090",N/A,N/A
385,Plastic Cup Boyz: Laughing My Mask Off!,TV Show,2021,Stand-Up Comedy & Talk Shows,Netflix,2021-07-27,tt15088754,N/A,49,N/A,N/A
386,How to Sell Drugs Online (Fast),TV Show,2021,Crime TV Shows,Netflix,2021-07-27,tt9184994,7.8,"39,228",,
387,Hostage House,Movie,2021,Thrillers,Netflix,2021-07-27,tt13033790,3.9,"1,024",N/A,N/A
388,Department,Movie,2012,Action & Adventure,Netflix,2021-07-27,tt2186731,3.1,"1,128",N/A,N/A
389,All American,TV Show,2021,TV Dramas,Netflix,2021-07-27,tt7414406,7.6,"13,925",,
390,The Walking Dead,TV Show,2019,Classic & Cult TV,Netflix,2021-07-26,tt1520211,8.1,"1,078,379",,
391,Wynonna Earp,TV Show,2020,International TV Shows,Netflix,2021-07-26,tt4878326,7.4,"24,634",,
392,Django Unchained,Movie,2012,Action & Adventure,Netflix,2021-07-24,tt1853728,8.5,"1,693,903","$162,805,434",N/A
393,Masters of the Universe: Revelation,TV Show,2021,TV Action & Adventure,Netflix,2021-07-23,tt10826054,5.6,"28,497",,
394,The Movies That Made Us,TV Show,2021,Docuseries,Netflix,2021-07-23,tt10681222,7.6,"7,215",,
395,The Last Letter From Your Lover,Movie,2021,Dramas,Netflix,2021-07-23,tt1893273,6.7,"22,346",N/A,N/A
396,Sky Rojo,TV Show,2021,International TV Shows,Netflix,2021-07-23,tt8690776,6.6,"11,152",,
397,Revelations: The Masters of the Universe: Revelation Aftershow,TV Show,2021,Anime Series,Netflix,2021-07-23,tt30788647,N/A,N/A,,
398,A Second Chance:  Rivals!,Movie,2021,Children & Family Movies,Netflix,2021-07-23,tt9810420,4.8,521,N/A,N/A
399,Kingdom: Ashin of the North,Movie,2021,Horror Movies,Netflix,2021-07-23,tt13412252,7.0,"13,184",N/A,N/A
400,Blood Red Sky,Movie,2021,Action & Adventure,Netflix,2021-07-23,tt6402468,6.1,"54,511",N/A,N/A
401,Bankrolled,Movie,2021,Comedies,Netflix,2021-07-23,tt14961160,4.2,350,N/A,N/A
402,African America,Movie,2021,Dramas,Netflix,2021-07-23,tt13920016,5.8,75,N/A,N/A
403,Feels Like Ishq,TV Show,2021,International TV Shows,Netflix,2021-07-23,tt14163838,6.5,"1,677",,
404,Chhota Bheem: Journey to Petra,Movie,2011,Children & Family Movies,Netflix,2021-07-22,,,,,
405,Chhota Bheem Ka Roosi Romanch,Movie,2019,Children & Family Movies,Netflix,2021-07-22,tt30216076,N/A,6,N/A,N/A
406,Chhota Bheem: Bheem vs Aliens,Movie,2010,Children & Family Movies,Netflix,2021-07-22,,,,,
407,Chhota Bheem: Dholakpur to Kathmandu,Movie,2012,Children & Family Movies,Netflix,2021-07-22,,,,,
408,Chhota Bheem: Dus Pe Dus,Movie,2014,Children & Family Movies,Netflix,2021-07-22,tt6417940,6.0,32,N/A,N/A
409,Chicago Med,TV Show,2019,TV Dramas,Netflix,2021-07-22,tt4655480,7.6,"29,656",,
410,Chhota Bheem: Master of Shaolin,Movie,2011,Children & Family Movies,Netflix,2021-07-22,tt6442670,6.7,262,N/A,N/A
411,Chhota Bheem: The Rise of Kirmada,Movie,2012,Children & Family Movies,Netflix,2021-07-22,,,,,
412,Cousins,Movie,2021,Dramas,Netflix,2021-07-22,tt0097116,6.3,"5,113","$22,026,369",N/A
413,Wannabe Courageous,Movie,2019,Comedies,Netflix,2021-07-22,,,,,
414,Words Bubble Up Like Soda Pop,Movie,2021,Anime Features,Netflix,2021-07-22,tt12735338,6.8,"5,261",N/A,N/A
415,Chhota Bheem in African Safari,Movie,2015,Children & Family Movies,Netflix,2021-07-22,tt6418390,N/A,18,N/A,N/A
416,Chhota Bheem aur Krishna vs Zimbara,Movie,2013,Children & Family Movies,Netflix,2021-07-22,,,,,
417,Chhota Bheem aur Krishna,Movie,2009,Children & Family Movies,Netflix,2021-07-22,tt2827516,6.8,583,N/A,N/A
418,Chhota Bheem & Krishna: Mayanagari,Movie,2011,Children & Family Movies,Netflix,2021-07-22,,,,,
419,9to5: The Story of a Movement,Movie,2021,Documentaries,Netflix,2021-07-22,tt11753730,7.7,283,N/A,N/A
420,Chhota Bheem - Dinosaur World,Movie,2015,Children & Family Movies,Netflix,2021-07-22,,,,,
421,Chhota Bheem - Neeli Pahaadi,Movie,2013,Children & Family Movies,Netflix,2021-07-22,tt6442694,N/A,20,N/A,N/A
422,Chhota Bheem Aur Hanuman,Movie,2012,Children & Family Movies,Netflix,2021-07-22,tt6417854,6.2,80,N/A,N/A
423,Chhota Bheem & Ganesh,Movie,2009,Children & Family Movies,Netflix,2021-07-22,,,,,
424,Chhota Bheem & Krishna: Pataliputra- City of the Dead,Movie,2010,Children & Family Movies,Netflix,2021-07-22,tt6543110,8.8,27,N/A,N/A
425,Chhota Bheem And The Crown of Valhalla,Movie,2013,Children & Family Movies,Netflix,2021-07-22,,,,,
426,Chhota Bheem and the Incan Adventure,Movie,2013,Children & Family Movies,Netflix,2021-07-22,,,,,
427,Chhota Bheem and The ShiNobi Secret,Movie,2013,Children & Family Movies,Netflix,2021-07-22,tt6417830,N/A,34,N/A,N/A
428,Chhota Bheem And The Broken Amulet,Movie,2013,Children & Family Movies,Netflix,2021-07-22,tt6417816,N/A,31,N/A,N/A
429,Sanitation Day,Movie,2020,Dramas,Netflix,2021-07-21,tt13445916,3.9,25,N/A,N/A
430,Sexy Beasts,TV Show,2021,British TV Shows,Netflix,2021-07-21,tt14916746,4.7,"1,304",,
431,Too Hot to Handle: Brazil,TV Show,2021,International TV Shows,Netflix,2021-07-21,tt14902484,5.4,632,,
432,Trollhunters: Rise of the Titans,Movie,2021,Children & Family Movies,Netflix,2021-07-21,tt12851396,6.6,"5,959",N/A,N/A
433,Touch Your Heart,TV Show,2019,Crime TV Shows,Netflix,2021-07-20,tt9466990,7.6,"4,788",,
434,Okupas,TV Show,2020,Classic & Cult TV,Netflix,2021-07-20,tt0289649,9.0,"2,851",,
435,Milkwater,Movie,2020,Comedies,Netflix,2021-07-20,tt9165740,6.2,225,N/A,N/A
436,The Tambour of Retribution,Movie,2021,Dramas,Netflix,2021-07-19,tt13657102,6.8,"1,168",N/A,N/A
437,Cosmic Sin,Movie,2021,Action & Adventure,Netflix,2021-07-17,tt11762434,2.5,"15,029",N/A,N/A
438,The Beguiled,Movie,2017,Dramas,Netflix,2021-07-16,tt5592248,6.3,"61,719","$10,709,995",N/A
439,Twilight,Movie,2008,Action & Adventure,Netflix,2021-07-16,tt1099212,5.3,"487,570","$193,962,473",N/A
440,The Twilight Saga: New Moon,Movie,2009,Dramas,Netflix,2021-07-16,tt1259571,4.8,"299,181","$297,816,253",N/A
441,The Twilight Saga: Eclipse,Movie,2010,Dramas,Netflix,2021-07-16,tt1325004,5.1,"260,829","$300,531,751",N/A
442,The Twilight Saga: Breaking Dawn: Part 2,Movie,2012,Dramas,Netflix,2021-07-16,tt1673434,5.5,"261,925","$292,324,737",N/A
443,The Twilight Saga: Breaking Dawn: Part 1,Movie,2011,Dramas,Netflix,2021-07-16,tt1324999,4.9,"254,304","$281,287,133",N/A
444,The Book of Henry,Movie,2017,Dramas,Netflix,2021-07-16,tt4572792,6.6,"29,413","$4,504,974",N/A
445,Naomi Osaka,TV Show,2021,Docuseries,Netflix,2021-07-16,tt11898920,6.3,"1,434",,
446,La ley de Herodes,Movie,1999,Comedies,Netflix,2021-07-16,,,,,
447,Johnny Test,TV Show,2021,Kids' TV,Netflix,2021-07-16,tt0454349,5.2,"9,458",,
448,Fear Street Part 3: 1666,Movie,2021,Horror Movies,Netflix,2021-07-16,,,,,
449,Explained,TV Show,2021,Docuseries,Netflix,2021-07-16,tt8005374,8.0,"9,891",,
450,Deep,Movie,2021,Dramas,Netflix,2021-07-16,tt14880258,4.9,"1,782",N/A,N/A
451,2 Weeks in Lagos,Movie,2020,Dramas,Netflix,2021-07-16,tt10241024,6.1,64,N/A,N/A
452,My Amanda,Movie,2021,Dramas,Netflix,2021-07-15,tt13136084,5.8,375,N/A,N/A
453,This Changes Everything,Movie,2019,Documentaries,Netflix,2021-07-15,tt5795282,7.7,"1,873","$64,988",N/A
454,The Unknown Saint,Movie,2019,Comedies,Netflix,2021-07-15,tt10077998,6.5,"1,539",N/A,N/A
455,Surf's Up,Movie,2007,Children & Family Movies,Netflix,2021-07-15,tt0423294,6.7,"90,445","$58,867,694",N/A
456,Never Have I Ever,TV Show,2021,TV Comedies,Netflix,2021-07-15,tt10062292,7.8,"79,340",,
457,Emicida: AmarElo - Live in São Paulo,Movie,2021,Documentaries,Netflix,2021-07-15,tt14910946,N/A,62,N/A,N/A
458,Lift Like a Girl,Movie,2021,Documentaries,Netflix,2021-07-15,tt7240536,7.7,243,N/A,N/A
459,Her Private Life,TV Show,2019,International TV Shows,Netflix,2021-07-15,tt9899340,7.7,"6,273",,
460,Cheech & Chong's Still Smokin,Movie,1983,Comedies,Netflix,2021-07-15,,,,,
461,BEASTARS,TV Show,2021,Anime Series,Netflix,2021-07-15,tt11043632,7.7,"12,244",,
462,A Perfect Fit,Movie,2021,Comedies,Netflix,2021-07-15,tt13606090,5.4,693,N/A,N/A
463,The Guide to the Perfect Family,Movie,2021,Comedies,Netflix,2021-07-14,tt11991786,6.4,"1,997",N/A,N/A
464,Private Network: Who Killed Manuel Buendía?,Movie,2021,Documentaries,Netflix,2021-07-14,tt14880310,6.8,265,N/A,N/A
465,My Unorthodox Life,TV Show,2021,Reality TV,Netflix,2021-07-14,tt14398500,5.7,"1,634",,
466,Heist,TV Show,2021,Crime TV Shows,Netflix,2021-07-14,tt0252503,6.5,"38,970","$23,510,841",N/A
467,Gunpowder Milkshake,Movie,2021,Action & Adventure,Netflix,2021-07-14,tt8368408,6.1,"50,822",N/A,N/A
468,A Classic Horror Story,Movie,2021,Horror Movies,Netflix,2021-07-14,tt12877640,5.7,"21,756",N/A,N/A
469,American Woman,Movie,2019,Dramas,Netflix,2021-07-13,tt4465572,6.8,"7,637","$236,637",N/A
470,Bridgerton - The Afterparty,Movie,2021,Movies,Netflix,2021-07-13,,,,,
471,Day of Destiny,Movie,2021,Children & Family Movies,Netflix,2021-07-13,tt15149712,5.0,63,N/A,N/A
472,Ridley Jones,TV Show,2021,Kids' TV,Netflix,2021-07-13,tt13351440,2.2,"1,233",,
473,Born to Play,Movie,2020,Documentaries,Netflix,2021-07-12,tt12615654,8.9,74,N/A,N/A
474,The Tour,Movie,2016,Comedies,Netflix,2021-07-10,tt3518044,7.0,108,N/A,N/A
475,The Stand-Up,Movie,2019,Stand-Up Comedy,Netflix,2021-07-10,tt0149117,6.8,20,N/A,N/A
476,American Ultra,Movie,2015,Action & Adventure,Netflix,2021-07-10,tt3316948,6.1,"95,680","$14,440,985",N/A
477,Virgin River,TV Show,2021,Romantic TV Shows,Netflix,2021-07-09,tt9077530,7.4,"51,549",,
478,The Cook of Castamar,TV Show,2021,International TV Shows,Netflix,2021-07-09,tt12626014,7.4,"5,214",,
479,Ratchet and Clank,Movie,2016,Children & Family Movies,Netflix,2021-07-09,,,,,
480,Lethal Love,Movie,2021,Thrillers,Netflix,2021-07-09,tt14403532,4.4,284,N/A,N/A
481,Last Summer,Movie,2021,Dramas,Netflix,2021-07-09,tt13322702,8.0,"3,583",,
482,Lee Su-geun: The Sense Coach,Movie,2021,Stand-Up Comedy,Netflix,2021-07-09,tt14880280,4.3,44,N/A,N/A
483,How I Became a Superhero,Movie,2021,Action & Adventure,Netflix,2021-07-09,,,,,
484,How to Become a Tyrant,TV Show,2021,Docuseries,Netflix,2021-07-09,tt14832996,7.4,"11,311",,
485,Biohackers,TV Show,2021,International TV Shows,Netflix,2021-07-09,tt9849210,6.8,"11,312",,
486,Atypical,TV Show,2021,TV Comedies,Netflix,2021-07-09,tt6315640,8.2,"102,962",,
487,Finding Hubby,Movie,2020,Comedies,Netflix,2021-07-09,tt13540496,4.5,48,N/A,N/A
488,Fear Street Part 2: 1978,Movie,2021,Horror Movies,Netflix,2021-07-09,,,,,
489,Back to Q82,Movie,2017,Comedies,Netflix,2021-07-08,tt6225842,N/A,136,N/A,N/A
490,Elize Matsunaga: Once Upon a Crime,TV Show,2021,Crime TV Shows,Netflix,2021-07-08,tt14856998,5.9,"2,534",,
491,Home Again,Movie,2017,Comedies,Netflix,2021-07-08,tt5719700,5.8,"34,956","$27,020,284",N/A
492,RESIDENT EVIL: Infinite Darkness,TV Show,2021,Anime Series,Netflix,2021-07-08,tt13173144,5.8,"12,562",,
493,Rock the Kasbah,Movie,2015,Comedies,Netflix,2021-07-08,tt3164256,5.5,"12,751","$3,020,664",N/A
494,Midnight Sun,Movie,2018,Dramas,Netflix,2021-07-08,tt4799066,6.6,"36,072","$9,561,064",N/A
495,Tango With Me,Movie,2010,Dramas,Netflix,2021-07-07,tt1686795,6.3,47,N/A,N/A
496,Three Thieves,Movie,2019,Comedies,Netflix,2021-07-07,tt0017293,7.0,181,N/A,N/A
497,This Little Love Of Mine,Movie,2021,International Movies,Netflix,2021-07-07,tt12546872,5.4,"3,265",N/A,N/A
498,Therapy,Movie,2020,Dramas,Netflix,2021-07-07,tt5783382,5.2,341,N/A,N/A
499,The War Next-door,TV Show,2021,International TV Shows,Netflix,2021-07-07,tt14821886,5.7,528,,
500,Duck the Halls: A Mickey Mouse Christmas Special,Movie,2016,Animation,Disney+,2021-11-26,tt24580526,N/A,106,N/A,N/A
501,The Queen Family Singalong,Movie,2021,Musical,Disney+,2021-11-26,tt15716286,6.1,117,N/A,N/A
502,Ernest Saves Christmas,Movie,1988,Comedy,Disney+,2021-11-26,tt0095107,5.7,"12,858","$28,202,109",N/A
503,Ice Age: A Mammoth Christmas,Movie,2011,Animation,Disney+,2021-11-26,tt2100546,6.4,"11,247",N/A,N/A
504,The Beatles: Get Back,TV Show,2021,Docuseries,Disney+,2021-11-25,tt9735318,9.0,"27,899",,
505,Becoming Cousteau,Movie,2021,Biographical,Disney+,2021-11-24,tt10334438,7.1,"1,405","$231,687",N/A
506,Port Protection Alaska,TV Show,2015,Docuseries,Disney+,2021-11-24,,,,,
507,Secrets of the Zoo: Tampa,TV Show,2019,Animals & Nature,Disney+,2021-11-24,tt11708046,7.9,114,,
508,Hawkeye,TV Show,2021,Action-Adventure,Disney+,2021-11-24,tt10160804,7.5,"213,652",,
509,A Muppets Christmas: Letters To Santa,Movie,2008,Comedy,Disney+,2021-11-19,tt1292569,6.3,"2,501",N/A,N/A
510,Adventure Thru the Walt Disney Archives,Movie,2020,Documentary,Disney+,2021-11-19,tt15222206,7.2,164,N/A,N/A
511,Puppy for Hanukkah,Movie,2020,Comedy,Disney+,2021-11-19,tt13596276,N/A,N/A,N/A,N/A
512,The Pixar Story,Movie,2007,Documentary,Disney+,2021-11-19,tt1059955,7.7,"6,996",N/A,N/A
513,"Dr. Oakley, Yukon Vet",TV Show,2013,Action-Adventure,Disney+,2021-11-17,tt3593456,8.5,720,,
514,The Little Matchgirl,Movie,2006,Animation,Disney+,2021-11-12,tt0816562,7.8,"5,173",N/A,N/A
515,Paperman,Movie,2012,Animation,Disney+,2021-11-12,tt2388725,8.2,"35,152",N/A,N/A
516,Pixar 2021 Disney+ Day Special,Movie,2021,Movies,Disney+,2021-11-12,tt16026492,N/A,116,N/A,N/A
517,Tangled Ever After,Movie,2012,Animation,Disney+,2021-11-12,tt2112281,7.5,"18,933",N/A,N/A
518,The Ballad of Nessie,Movie,2011,Animation,Disney+,2021-11-12,tt1827536,6.9,"2,264",N/A,N/A
519,Tick Tock Tale,Movie,2010,Animation,Disney+,2021-11-12,tt1736313,7.3,"1,990",N/A,N/A
520,The Making of Happier Than Ever: A Love Letter to Los Angeles,Movie,2021,Concert Film,Disney+,2021-11-12,tt16022750,N/A,121,N/A,N/A
521,The Proud Family: Louder and Prouder,Movie,2021,Animation,Disney+,2021-11-12,tt11871764,3.1,"5,065",,
522,The Simpsons in Plusaversary,Movie,2021,Animation,Disney+,2021-11-12,tt15829632,5.1,"1,641",N/A,N/A
523,Obi-Wan Kenobi,Movie,2021,Action-Adventure,Disney+,2021-11-12,tt8466564,7.1,"227,296",,
524,Under the Helmet: The Legacy of Boba Fett,Movie,2021,Science Fiction,Disney+,2021-11-12,tt15715890,7.2,"1,674",N/A,N/A
525,Willow,Movie,2021,Action-Adventure,Disney+,2021-11-12,tt0096446,7.2,"129,152","$57,269,863",N/A
526,Olaf Presents,TV Show,2021,Animation,Disney+,2021-11-12,tt15475608,7.3,"3,722",,
527,Spin,Movie,2021,Coming of Age,Disney+,2021-11-12,tt0479164,7.8,"1,574",N/A,N/A
528,Marvel Studios’ 2021 Disney+ Day Special,Movie,2021,Movies,Disney+,2021-11-12,tt16045628,5.9,162,N/A,N/A
529,Enchanted,Movie,2007,Comedy,Disney+,2021-11-12,tt0461770,7.1,"216,554","$127,807,262",N/A
530,Limitless with Chris Hemsworth,Movie,2021,Lifestyle,Disney+,2021-11-12,,,,,
531,America the Beautiful,Movie,2021,Animals & Nature,Disney+,2021-11-12,tt1040007,6.8,478,"$76,173",N/A
532,Baymax!,Movie,2021,Animation,Disney+,2021-11-12,tt13622958,7.2,"8,597",,
533,Ciao Alberto,Movie,2021,Animation,Disney+,2021-11-12,tt15476620,6.9,"8,413",N/A,N/A
534,Disney Fancy Nancy,TV Show,2018,Animation,Disney+,2021-11-12,,,,,
535,Disney Intertwined,TV Show,2021,Comedy,Disney+,2021-11-12,tt27512578,N/A,29,N/A,N/A
536,Shang-Chi and The Legend of The Ten Rings,Movie,2021,Action-Adventure,Disney+,2021-11-12,tt9376612,7.4,"435,548","$224,543,292",N/A
537,Feast,Movie,2014,Animation,Disney+,2021-11-12,tt0426459,6.2,"33,820","$56,131",N/A
538,Get a Horse!,Movie,2013,Action-Adventure,Disney+,2021-11-12,tt2980764,7.5,"5,578",N/A,N/A
539,Home Sweet Home Alone,Movie,2021,Comedy,Disney+,2021-11-12,tt11012066,3.6,"20,293",N/A,N/A
540,Jungle Cruise,Movie,2021,Action-Adventure,Disney+,2021-11-12,tt0870154,6.6,"211,387","$116,987,516",N/A
541,Frozen Fever,Movie,2015,Animation,Disney+,2021-11-12,tt4007502,6.8,"17,565",N/A,N/A
542,Santa Buddies: The Legend of Santa Paws,Movie,2009,Comedy,Disney+,2021-11-05,,,,,
543,X-Men: First Class,Movie,2011,Action-Adventure,Disney+,2021-11-05,tt1270798,7.7,"723,658","$146,408,305",N/A
544,The Search for Santa Paws,Movie,2010,Drama,Disney+,2021-11-05,tt1544572,5.4,"2,437",N/A,N/A
545,Snow Buddies,Movie,2008,Action-Adventure,Disney+,2021-11-05,tt1079448,5.2,"3,741",N/A,N/A
546,Space Buddies,Movie,2009,Action-Adventure,Disney+,2021-11-05,tt1164647,4.3,"2,423",N/A,N/A
547,Prep & Landing: Operation Secret Santa,Movie,2010,Animation,Disney+,2021-11-05,,,,,
548,Jingle All the Way 2,Movie,2014,Comedy,Disney+,2021-11-05,tt3486392,3.9,"2,049",N/A,N/A
549,Alvin and the Chipmunks: Chipwrecked,Movie,2011,Comedy,Disney+,2021-11-05,tt1615918,4.4,"39,406","$133,110,742",N/A
550,Jingle All The Way,Movie,1996,Comedy,Disney+,2021-11-05,tt0116705,5.7,"115,889","$60,592,389",N/A
551,Disney Amphibia,TV Show,2018,Animation,Disney+,2021-11-03,,,,,
552,Photo Ark,TV Show,2017,Animals & Nature,Disney+,2021-11-03,tt7181320,8.2,71,,
553,Storm Rising,TV Show,2021,Action-Adventure,Disney+,2021-11-03,tt15681488,7.4,115,,
554,Bob Ballard: An Explorer's Life,Movie,2021,Biographical,Disney+,2021-10-29,tt15111904,N/A,46,N/A,N/A
555,"McFarland, USA",Movie,2015,Drama,Disney+,2021-10-29,tt2097298,7.4,"42,009","$44,482,410",N/A
556,Rookie of the Year,Movie,1993,Comedy,Disney+,2021-10-22,tt0107985,6.1,"30,850","$53,615,089",N/A
557,Thumbelina,Movie,1994,Animation,Disney+,2021-10-22,tt0111419,6.2,"18,566","$11,373,501",N/A
558,The Wild Life of Dr. Ole,TV Show,2021,Animals & Nature,Disney+,2021-10-20,tt14232200,7.8,36,,
559,PJ Masks,TV Show,2015,Action-Adventure,Disney+,2021-10-20,tt4148744,5.3,"1,567",,
560,Lost Cities with Albert Lin: The Great Flood,Movie,2021,Documentary,Disney+,2021-10-15,,,,,
561,Megacity of the Maya Warriors,Movie,2021,Documentary,Disney+,2021-10-15,,,,,
562,Apollo: Back To The Moon,TV Show,2019,Docuseries,Disney+,2021-10-13,tt8781928,6.6,96,N/A,N/A
563,Secrets Of The Zoo: Down Under,TV Show,2020,Animals & Nature,Disney+,2021-10-13,tt15313408,N/A,48,,
564,Secrets of the Zoo: North Carolina,TV Show,2020,Reality,Disney+,2021-10-13,tt13528684,7.8,71,,
565,The Wizard of Paws,TV Show,2021,Animals & Nature,Disney+,2021-10-13,tt13897634,9.3,77,,
566,Zombies: Addison's Moonstone Mystery,TV Show,2020,Animation,Disney+,2021-10-13,tt15379964,N/A,N/A,N/A,N/A
567,Just Beyond,TV Show,2021,Anthology,Disney+,2021-10-13,tt12286434,6.2,"2,040",,
568,Just Roll With It: You Decide Live!,Movie,2019,Comedy,Disney+,2021-10-08,,,,,
569,Mickey's Tale of Two Witches,Movie,2021,Animation,Disney+,2021-10-08,tt15470224,6.0,185,N/A,N/A
570,Muppets Haunted Mansion,Movie,2021,Comedy,Disney+,2021-10-08,tt14602326,6.3,"8,103",N/A,N/A
571,The Most Magical Story on Earth: 50 Years of Walt Disney World,Movie,2021,Family,Disney+,2021-10-08,tt15534640,N/A,173,N/A,N/A
572,Under Wraps,Movie,2021,Action-Adventure,Disney+,2021-10-08,tt0128801,6.5,"3,357",N/A,N/A
573,Fauci,Movie,2021,Biographical,Disney+,2021-10-06,tt13984924,6.5,"12,757",N/A,N/A
574,The Ghost and Molly McGee,TV Show,2021,Animation,Disney+,2021-10-06,tt10684374,7.5,"1,796",,
575,IMPACT with Gal Gadot,TV Show,2021,Docuseries,Disney+,2021-10-06,tt14376656,4.3,129,,
576,Drain the Oceans,TV Show,2017,Docuseries,Disney+,2021-10-06,tt8676618,7.5,712,,
577,Drain The Oceans: The Mississippi River & Arctic War,TV Show,2021,Docuseries,Disney+,2021-10-06,,,,,
578,Among the Stars,TV Show,2021,Docuseries,Disney+,2021-10-06,tt15428794,7.8,296,,
579,Black Widow,Movie,2021,Action-Adventure,Disney+,2021-10-06,tt3480822,6.7,"423,439","$183,651,655",N/A
580,Alvin and the Chipmunks,Movie,2007,Animation,Disney+,2021-10-01,tt0952640,5.2,"94,302","$217,326,974",N/A
581,Alvin and the Chipmunks: The Road Chip,Movie,2015,Comedy,Disney+,2021-10-01,tt2974918,4.9,"22,383","$85,886,987",N/A
582,LEGO Star Wars Terrifying Tales,Movie,2021,Action-Adventure,Disney+,2021-10-01,tt15164924,6.1,"2,730",N/A,N/A
583,Maleficent,Movie,2014,Action-Adventure,Disney+,2021-10-01,tt1587310,6.9,"400,091","$241,410,378",N/A
584,The Scariest Story Ever: A Mickey Mouse Halloween Spooktacular,Movie,2017,Animation,Disney+,2021-10-01,,,,,
585,Rolie Polie Olie,TV Show,1998,Animation,Disney+,2021-09-29,tt0172049,6.3,"3,256",,
586,The Simpsons,TV Show,1989,Animation,Disney+,2021-09-29,tt0096697,8.7,"435,879",,
587,The Hatcher Family Dairy,TV Show,2021,Animals & Nature,Disney+,2021-09-29,tt15058696,8.8,90,,
588,Star Wars Galaxy of Sounds,TV Show,2021,Animation,Disney+,2021-09-29,tt15516280,6.9,412,,
589,Ready for Preschool,TV Show,2019,Kids,Disney+,2021-09-29,tt13689142,N/A,14,,
590,Great Barrier Reef,TV Show,2020,Animals & Nature,Disney+,2021-09-29,tt2185885,8.3,781,,
591,Disney Vampirina,TV Show,2017,Animation,Disney+,2021-09-29,,,,,
592,Disney's Magic Bake-Off,TV Show,2021,Family,Disney+,2021-09-29,tt14539670,6.5,84,,
593,A Spark Story,Movie,2021,Documentary,Disney+,2021-09-24,tt11963126,N/A,200,N/A,N/A
594,Spooky Buddies,Movie,2011,Comedy,Disney+,2021-09-24,tt1792131,4.6,"1,719",N/A,N/A
595,The Fault in Our Stars,Movie,2014,Coming of Age,Disney+,2021-09-24,tt2582846,7.7,"399,879","$124,872,350",N/A
596,Dog: Impossible,TV Show,2019,Animals & Nature,Disney+,2021-09-22,tt10981266,7.6,163,,
597,Spidey And His Amazing Friends,TV Show,2021,Action-Adventure,Disney+,2021-09-22,tt10862280,5.8,983,,
598,Star Wars: Visions,TV Show,2021,Action-Adventure,Disney+,2021-09-22,tt13622982,7.0,"23,600",,
599,Flooded Tombs of the Nile,Movie,2021,Documentary,Disney+,2021-09-17,tt15286970,6.4,128,N/A,N/A
600,Smoky Mountain Park Rangers,Movie,2021,Animals & Nature,Disney+,2021-09-17,tt21987160,N/A,20,N/A,N/A
601,Nona,Movie,2021,Animation,Disney+,2021-09-17,tt15088994,6.5,910,N/A,N/A
602,Jade Eyed Leopard,Movie,2020,Animals & Nature,Disney+,2021-09-17,,,,,
603,Disney's Broadway Hits at London's Royal Albert Hall,Movie,2016,Concert Film,Disney+,2021-09-17,,,,,
604,Descendants: Royal Wedding,Movie,2021,Animation,Disney+,2021-09-17,,,,,
605,Confessions of a Shopaholic,Movie,2009,Comedy,Disney+,2021-09-17,tt1093908,5.8,"82,799","$44,277,350",N/A
606,Life Below Zero,TV Show,2012,Action-Adventure,Disney+,2021-09-15,tt2964642,7.9,"2,237",,
607,Miraculous: Tales Of Ladybug & Cat Noir,TV Show,2015,Action-Adventure,Disney+,2021-09-15,tt2580046,7.5,"15,341",,
608,Unknown Waters with Jeremy Wade,TV Show,2021,Animals & Nature,Disney+,2021-09-15,tt17890420,N/A,68,,
609,Far Away From Raven’s Home,Movie,2021,Comedy,Disney+,2021-09-10,,,,,
610,Pirates of the Caribbean: On Stranger Tides,Movie,2011,Action-Adventure,Disney+,2021-09-10,tt1298650,6.6,"560,613","$241,071,802",N/A
611,Twenty Something,Movie,2021,Animation,Disney+,2021-09-10,tt14023676,7.1,"1,098",N/A,N/A
612,"Doogie Kamealoha, M.D.",TV Show,2021,Comedy,Disney+,2021-09-08,tt12225230,7.0,"3,300",,
613,"Mira, Royal Detective",TV Show,2020,Animation,Disney+,2021-09-08,tt9357248,7.4,359,,
614,Pepper Ann,TV Show,1997,Animation,Disney+,2021-09-08,tt0128890,7.1,"4,004",,
615,The Incredible Dr. Pol,TV Show,2011,Animals & Nature,Disney+,2021-09-08,tt2136396,8.6,"2,116",,
616,X-Men: Dark Phoenix,Movie,2019,Action-Adventure,Disney+,2021-09-03,tt10440726,6.5,41,N/A,N/A
617,Tomorrowland,Movie,2015,Action-Adventure,Disney+,2021-09-03,tt1964418,6.4,"190,813","$93,436,322",N/A
618,Happier Than Ever: A Love Letter to Los Angeles,Movie,2021,Concert Film,Disney+,2021-09-03,tt15094392,7.3,"1,697",N/A,N/A
619,Dug Days,TV Show,2021,Animation,Disney+,2021-09-01,tt13624054,8.0,"5,425",,
620,Alaska Animal Rescue,TV Show,2019,Animals & Nature,Disney+,2021-09-01,tt12188528,8.5,70,,
621,Dan in Real Life,Movie,2007,Comedy,Disney+,2021-08-27,tt0480242,6.8,"106,712","$47,642,963",N/A
622,Disney Princess Remixed - An Ultimate Princess Celebration,Movie,2021,Family,Disney+,2021-08-27,tt14993556,4.9,84,N/A,N/A
623,Marvel One-Shot: All Hail the King,Movie,2014,Comedy,Disney+,2021-08-27,tt3438640,7.4,"8,120",N/A,N/A
624,Underdog,Movie,2007,Action-Adventure,Disney+,2021-08-27,tt0467110,4.8,"22,677","$43,760,605",N/A
625,Cruella,Movie,2021,Crime,Disney+,2021-08-27,tt3228774,7.3,"264,118","$86,103,234",N/A
626,Dr. K's Exotic Animal ER,TV Show,2014,Animals & Nature,Disney+,2021-08-25,tt3986852,8.2,427,,
627,Gigantosaurus,TV Show,2018,Action-Adventure,Disney+,2021-08-25,tt9636800,6.7,234,,
628,Life Below Zero: Next Generation,TV Show,2020,Action-Adventure,Disney+,2021-08-25,tt13049144,5.6,314,,
629,Eragon,Movie,2006,Action-Adventure,Disney+,2021-08-20,tt0449010,5.1,"130,303","$75,030,163",N/A
630,Growing Up Animal,TV Show,2021,Animals & Nature,Disney+,2021-08-18,tt13891272,8.0,156,,
631,Aquamarine,Movie,2006,Comedy,Disney+,2021-08-13,tt0429591,5.4,"44,966","$18,597,342",N/A
632,X-Men,Movie,2000,Action-Adventure,Disney+,2021-08-13,tt0120903,7.3,"646,262","$157,299,718",N/A
633,Fantastic Four,Movie,2005,Action-Adventure,Disney+,2021-08-13,tt0120667,5.7,"343,749","$154,696,080",N/A
634,America's Funniest Home Videos: Animal Edition,TV Show,2021,Reality,Disney+,2021-08-11,,,,,
635,Disney Presents Goofy in How to Stay at Home,TV Show,2021,Animation,Disney+,2021-08-11,,,,,
636,Gabby Duran And The Unsittables,TV Show,2018,Comedy,Disney+,2021-08-11,tt12416372,N/A,9,,
637,What If...?,TV Show,2021,Action-Adventure,Disney+,2021-08-11,tt10168312,7.4,"142,298",,
638,Chicken Squad,TV Show,2021,Animation,Disney+,2021-08-11,tt11204188,5.7,174,,
639,Beverly Hills Chihuahua 2,Movie,2011,Action-Adventure,Disney+,2021-08-06,tt1482393,4.2,"3,568",N/A,N/A
640,Beverly Hills Chihuahua 3: Viva La Fiesta!,Movie,2012,Comedy,Disney+,2021-08-06,tt2224075,4.4,"1,796",N/A,N/A
641,Killer Shark vs Killer Whale,Movie,2021,Animals & Nature,Disney+,2021-08-06,tt14811958,6.4,42,N/A,N/A
642,Mrs. Doubtfire,Movie,1993,Comedy,Disney+,2021-08-06,tt0107614,7.1,"290,021","$219,195,243",N/A
643,Cesar Millan: Better Human Better Dog,TV Show,2021,Animals & Nature,Disney+,2021-08-04,tt15083978,8.3,287,,
644,Walt Disney Animation Studios: Short Circuit Experimental Films,TV Show,2020,Animation,Disney+,2021-08-04,,,,,
645,Built for Mars: The Perseverance Rover,Movie,2021,Documentary,Disney+,2021-07-30,tt13932270,N/A,97,N/A,N/A
646,Garfield,Movie,2004,Comedy,Disney+,2021-07-30,tt6585312,8.5,144,N/A,N/A
647,Critter Fixers: Country Vets,TV Show,2020,Animals & Nature,Disney+,2021-07-28,tt11929804,8.8,241,,
648,Mickey Mouse Funhouse,TV Show,2021,Animation,Disney+,2021-07-28,tt13262134,5.5,335,,
649,Minnie's Bow-Toons: Party Palace Pals,TV Show,2021,Animation,Disney+,2021-07-28,,,,,
650,Turning the Tables with Robin Roberts,TV Show,2021,Talk Show,Disney+,2021-07-28,tt14598810,6.3,84,,
651,Chip 'n' Dale: Park Life,TV Show,2021,Animation,Disney+,2021-07-28,tt10516496,6.0,507,,
652,Disney Junior T.O.T.S.,TV Show,2018,Animation,Disney+,2021-07-28,,,,,
653,Stuntman,Movie,2021,Documentary,Disney+,2021-07-23,tt6539830,6.6,419,N/A,N/A
654,Walking with Dinosaurs: The Movie,Movie,2013,Action-Adventure,Disney+,2021-07-23,,,,,
655,What the Shark?,Movie,2020,Animals & Nature,Disney+,2021-07-23,,,,,
656,Shark vs. Whale,Movie,2020,Animals & Nature,Disney+,2021-07-23,tt12820178,N/A,68,N/A,N/A
657,Shark vs. Surfer,Movie,2020,Animals & Nature,Disney+,2021-07-23,tt13161852,6.1,33,N/A,N/A
658,Playing with Sharks,Movie,2021,Animals & Nature,Disney+,2021-07-23,tt11226258,7.5,622,N/A,N/A
659,Ice Age: The Meltdown,Movie,2006,Animation,Disney+,2021-07-23,tt0438097,6.8,"296,507","$195,330,621",N/A
660,Behind the Attraction,TV Show,2021,Docuseries,Disney+,2021-07-21,tt11069436,7.7,"1,190",,
661,Disney The Owl House,TV Show,2020,Action-Adventure,Disney+,2021-07-21,,,,,
662,Meet Spidey and His Amazing Friends (Shorts),TV Show,2021,Action-Adventure,Disney+,2021-07-21,,,,,
663,Mission Force One,TV Show,2017,Action-Adventure,Disney+,2021-07-21,,,,,
664,Turner & Hooch,TV Show,2021,Action-Adventure,Disney+,2021-07-21,tt0098536,6.2,"76,052","$71,079,915",N/A
665,We Bought a Zoo,Movie,2011,Animals & Nature,Disney+,2021-07-16,tt1389137,7.0,"150,584","$75,624,550",N/A
666,World's Most Dangerous Shark?,Movie,2021,Animals & Nature,Disney+,2021-07-16,tt14811630,6.1,40,,
667,World's Biggest Bullshark,Movie,2021,Animals & Nature,Disney+,2021-07-16,,,,,
668,Shark Attack Investigation: The Paige Winter Story,Movie,2021,Animals & Nature,Disney+,2021-07-16,tt14811754,N/A,52,,
669,Sharkcano,Movie,2020,Animals & Nature,Disney+,2021-07-16,tt21300912,N/A,22,N/A,N/A
670,Most Wanted Sharks,Movie,2020,Animals & Nature,Disney+,2021-07-16,tt27870540,N/A,9,N/A,N/A
671,Secrets of the Bull Shark,Movie,2020,Animals & Nature,Disney+,2021-07-16,tt13130602,N/A,29,N/A,N/A
672,Shark Attack Files,TV Show,2021,Animals & Nature,Disney+,2021-07-16,tt14811706,N/A,37,,
673,So Random!,TV Show,2011,Comedy,Disney+,2021-07-14,tt1934818,4.5,"2,560",,
674,"Miraculous World: Shanghai, The Legend of Ladydragon",Movie,2021,Animation,Disney+,2021-07-09,,,,,
675,Orca vs. Great White,Movie,2021,Animals & Nature,Disney+,2021-07-09,tt14811196,5.5,129,N/A,N/A
676,Rogue Shark?,Movie,2021,Animals & Nature,Disney+,2021-07-09,tt14791580,6.6,64,N/A,N/A
677,Shark Beach with Chris Hemsworth,Movie,2021,Animals & Nature,Disney+,2021-07-09,tt12833014,6.6,561,N/A,N/A
678,Shark Gangs,Movie,2021,Animals & Nature,Disney+,2021-07-09,tt14811278,6.5,47,N/A,N/A
679,The Croc That Ate Jaws,Movie,2021,Animals & Nature,Disney+,2021-07-09,tt21397116,N/A,6,N/A,N/A
680,When Sharks Attack,TV Show,2013,Reality,Disney+,2021-07-09,tt3097686,6.0,146,,
681,Flicka,Movie,2006,Animals & Nature,Disney+,2021-07-09,tt0434215,6.0,"8,455","$21,000,147",N/A
682,"The Good, The Bart, and The Loki",Movie,2021,Animation,Disney+,2021-07-07,tt14957270,6.1,"4,218",N/A,N/A
683,Monsters at Work,TV Show,2021,Animation,Disney+,2021-07-07,tt8610082,7.0,"8,429",,
684,Breaking Bobby Bones,TV Show,2021,Action-Adventure,Disney+,2021-07-07,tt14760138,N/A,62,,
685,Mickey Mouse Mixed-Up Adventures,TV Show,2019,Animation,Disney+,2021-07-07,tt11130978,7.1,66,,
686,Disney Raven's Home,TV Show,2016,Comedy,Disney+,2021-07-02,,,,,
687,The Sandlot,Movie,1993,Comedy,Disney+,2021-07-02,tt0108037,7.8,"102,303","$32,950,136",N/A
688,The Sandlot 2,Movie,2005,Comedy,Disney+,2021-07-02,tt0418131,4.5,"4,944",N/A,N/A
689,Adventures in Babysitting,Movie,1987,Action-Adventure,Disney+,2021-06-25,tt0092513,6.9,"48,934","$34,368,475",N/A
690,Running Wild with Bear Grylls,TV Show,2019,Action-Adventure,Disney+,2021-06-25,tt3816666,7.6,"2,998",,
691,The Mysterious Benedict Society,TV Show,2021,Action-Adventure,Disney+,2021-06-25,tt11875316,7.6,"5,588",,
692,Wolfgang,Movie,2021,Biographical,Disney+,2021-06-25,tt11146690,6.9,448,N/A,N/A
693,Star Wars Vintage: Droids,TV Show,1985,Action-Adventure,Disney+,2021-06-18,,,,,
694,Dino Ranch,TV Show,2021,Animation,Disney+,2021-06-18,tt13858416,5.4,285,,
695,Luca,Movie,2021,Animation,Disney+,2021-06-18,tt12801262,7.4,"194,295","$1,324,302",N/A
696,Disney Just Roll With It,TV Show,2018,Comedy,Disney+,2021-06-18,,,,,
697,"Heartland Docs, DVM",TV Show,2019,Animals & Nature,Disney+,2021-06-18,tt11783490,8.8,186,,
698,Strange Magic,Movie,2015,Action-Adventure,Disney+,2021-06-11,tt4191054,5.7,"12,202","$12,429,583",N/A
699,The Happiest Millionaire,Movie,1967,Biographical,Disney+,2021-06-11,tt0061749,6.5,"2,374",N/A,N/A
700,The Pacifier,Movie,2005,Action-Adventure,Disney+,2021-06-11,tt0395699,5.6,"100,891","$113,086,868",N/A
701,Zenimation,TV Show,2020,Animation,Disney+,2021-06-11,tt12372034,7.4,500,,
702,Puppy Dog Pals,TV Show,2016,Animation,Disney+,2021-06-11,tt6688750,6.8,"1,256",,
703,Loki,TV Show,2021,Action-Adventure,Disney+,2021-06-09,tt9140554,8.2,"410,225",,
704,X-Men Origins: Wolverine,Movie,2009,Action-Adventure,Disney+,2021-06-04,tt0458525,6.5,"530,298","$179,883,157",N/A
705,Ice Age: Dawn Of The Dinosaurs,Movie,2009,Animation,Disney+,2021-06-04,tt1080016,6.9,"264,077","$196,573,705",N/A
706,Raya and the Last Dragon,Movie,2021,Action-Adventure,Disney+,2021-06-04,tt5109280,7.3,"171,115","$54,723,032",N/A
707,Us Again,Movie,2021,Animation,Disney+,2021-06-04,tt14062858,7.8,"7,331",N/A,N/A
708,Red Tails,Movie,2012,Action-Adventure,Disney+,2021-06-04,tt0485985,5.9,"37,078","$49,876,377",N/A
709,MUPPET BABIES,TV Show,2017,Animation,Disney+,2021-06-04,tt0086764,7.5,"5,545",,
710,Gordon Ramsay: Uncharted,TV Show,2018,Action-Adventure,Disney+,2021-06-04,tt9165706,7.7,"1,773",,
711,The Last of the Chupacabras,Movie,2021,Fantasy,Disney+,2021-05-28,,,,,
712,Wicked Tuna,TV Show,2016,Action-Adventure,Disney+,2021-05-28,tt2191567,6.5,"1,065",,
713,The Little Prince(ss),Movie,2021,Drama,Disney+,2021-05-28,,,,,
714,Growing Fangs,Movie,2021,Coming of Age,Disney+,2021-05-28,tt15090776,6.0,131,N/A,N/A
715,Let's Be Tigers,Movie,2021,Drama,Disney+,2021-05-28,,,,,
716,American Eid,Movie,2021,Drama,Disney+,2021-05-28,,,,,
717,Dinner Is Served,Movie,2021,Coming of Age,Disney+,2021-05-28,tt2071447,7.1,10,N/A,N/A
718,Kingdom of the Polar Bears,TV Show,2021,Animals & Nature,Disney+,2021-05-28,tt19304264,N/A,7,,
719,Disney Sydney To The Max,TV Show,2018,Comedy,Disney+,2021-05-28,,,,,
720,Bluey,TV Show,2019,Animation,Disney+,2021-05-28,tt7678620,9.4,"27,295",,
721,Big City Greens,TV Show,2017,Action-Adventure,Disney+,2021-05-21,tt7165904,7.5,"3,218",,
722,Fury Files,TV Show,2013,Animation,Disney+,2021-05-21,tt12433310,N/A,49,,
723,Tinker Bell and the Legend of the NeverBeast,Movie,2014,Action-Adventure,Disney+,2021-05-21,tt3120408,7.2,"7,851",N/A,N/A
724,Ice Road Rescue,TV Show,2015,Docuseries,Disney+,2021-05-21,tt5270356,7.8,367,,
725,Schoolhouse Rock!,TV Show,1973,Animals & Nature,Disney+,2021-05-17,tt0069627,N/A,"4,284",,
726,Disney Special Agent Oso: Three Healthy Steps (Shorts),TV Show,2011,Action-Adventure,Disney+,2021-05-14,,,,,
727,Race to the Center of the Earth,TV Show,2021,Action-Adventure,Disney+,2021-05-14,tt10370752,6.5,228,,
728,Special Agent Oso,TV Show,2009,Action-Adventure,Disney+,2021-05-14,tt1124354,5.2,770,,
729,X-Men: The Last Stand,Movie,2006,Action-Adventure,Disney+,2021-05-14,tt0376994,6.6,"539,078","$234,362,462",N/A
730,The Incredible Hulk,TV Show,1996,Action-Adventure,Disney+,2021-05-10,tt0800080,6.6,"523,510","$134,806,913",N/A
731,Wild Hearts Can't Be Broken,Movie,1991,Biographical,Disney+,2021-05-07,tt0103262,7.2,"5,842","$7,294,835",N/A
732,Wander Over Yonder,TV Show,2013,Comedy,Disney+,2021-05-07,tt2252938,7.3,"4,719",,
733,Fantastic Four: Rise of the Silver Surfer,Movie,2007,Action-Adventure,Disney+,2021-05-07,tt0486576,5.6,"276,934","$131,921,738",N/A
734,Star Wars Biomes,Movie,2021,Science Fiction,Disney+,2021-05-04,tt14578676,6.4,934,N/A,N/A
735,The Bad Batch,TV Show,2021,Action-Adventure,Disney+,2021-05-04,tt4334266,5.2,"35,483","$180,851",N/A
736,"Maggie Simpson in ""The Force Awakens from its Nap""",Movie,2021,Animation,Disney+,2021-05-04,,,,,
737,Star Wars Vehicle Flythroughs,TV Show,2021,Anthology,Disney+,2021-05-04,tt14578626,6.2,468,,
738,Spider-Man,TV Show,1994,Action-Adventure,Disney+,2021-05-03,tt0145487,7.4,"874,704","$407,022,860",N/A
739,22 vs. Earth,Movie,2021,Animation,Disney+,2021-04-30,tt14499632,6.4,"5,321",N/A,N/A
740,Adventures in Wonderland,TV Show,1996,Fantasy,Disney+,2021-04-30,tt0088473,7.9,826,,
741,Disney My Music Story SUKIMASWITCH,Movie,2020,Biographical,Disney+,2021-04-30,,,,,
742,DuckTales,TV Show,2017,Action-Adventure,Disney+,2021-04-30,tt0092345,8.1,"34,590",,
743,Oklahoma!,Movie,1956,Musical,Disney+,2021-04-30,tt0048445,7.0,"13,918",N/A,N/A
744,Baby's Day Out,Movie,1994,Action-Adventure,Disney+,2021-04-23,tt0109190,6.2,"55,387","$16,827,402",N/A
745,Being the Queen,Movie,2020,Biographical,Disney+,2021-04-23,tt13237134,6.7,165,N/A,N/A
746,Liv and Maddie,TV Show,2013,Comedy,Disney+,2021-04-23,tt2794380,6.4,"9,830",,
747,Secrets of the Whales,TV Show,2021,Animals & Nature,Disney+,2021-04-22,tt12824750,8.4,915,,
748,Earth Moods,TV Show,2021,Animals & Nature,Disney+,2021-04-16,tt14260676,7.9,242,,
749,Rio,Movie,2011,Action-Adventure,Disney+,2021-04-16,tt1436562,6.9,"248,505","$143,619,809",N/A
750,The Kid Who Would Be King,Movie,2019,Action-Adventure,Disney+,2021-04-16,tt6811018,6.1,"18,566","$16,790,790",N/A
751,Treasure Buddies,Movie,2012,Action-Adventure,Disney+,2021-04-16,tt1791658,4.5,"1,678",N/A,N/A
752,White Fang 2: Myth of the White Wolf,Movie,1994,Action-Adventure,Disney+,2021-04-16,tt0111701,5.4,"2,508","$8,878,839",N/A
753,Big Shot,TV Show,2021,Comedy,Disney+,2021-04-16,tt11238096,7.5,"5,403",,
754,Primal Survivor,TV Show,2014,Docuseries,Disney+,2021-04-16,tt5538644,7.9,556,,
755,Squanto: A Warrior's Tale,Movie,1994,Action-Adventure,Disney+,2021-04-09,tt0111271,6.0,"1,413","$3,342,223",N/A
756,Mark Twain and Me,Movie,1991,Biographical,Disney+,2021-04-09,tt0102404,6.8,192,N/A,N/A
757,Man of the House,Movie,1995,Comedy,Disney+,2021-04-09,tt0331933,5.4,"25,203","$19,699,706",N/A
758,Kick Buttowski: Suburban Daredevil,TV Show,2010,Action-Adventure,Disney+,2021-04-09,tt1600757,6.7,"6,123",,
759,Future-Worm!,TV Show,2016,Family,Disney+,2021-04-09,tt4715134,5.3,287,,
760,Cesar Millan: The Real Story,Movie,2012,Biographical,Disney+,2021-04-09,tt3249810,7.2,95,N/A,N/A
761,Star Wars: Ewoks,TV Show,1985,Action-Adventure,Disney+,2021-04-02,,,,,
762,Walk the Prank,TV Show,2016,Comedy,Disney+,2021-04-02,tt5486088,4.1,528,,
763,Third Man on the Mountain,Movie,1959,Action-Adventure,Disney+,2021-04-02,tt0053352,7.0,"1,224",N/A,N/A
764,The Last Ice,Movie,2020,Animals & Nature,Disney+,2021-04-02,tt12812506,7.3,152,N/A,N/A
765,The Big Year,Movie,2011,Animals & Nature,Disney+,2021-04-02,tt1053810,6.2,"47,826","$7,204,138",N/A
766,Island at the Top of the World,Movie,1974,Action-Adventure,Disney+,2021-04-02,tt0071671,6.2,"3,137",N/A,N/A
767,Star Wars Vintage: Story of the Faithful Wookiee,Movie,2021,Animation,Disney+,2021-04-02,,,,,
768,Star Wars Vintage: Clone Wars 2D Micro-Series,TV Show,2021,Series,Disney+,2021-04-02,,,,,
769,Caravan of Courage: An Ewok Adventure,Movie,1984,Action-Adventure,Disney+,2021-04-02,tt13672136,N/A,8,N/A,N/A
770,Ewoks: The Battle for Endor,Movie,1985,Action-Adventure,Disney+,2021-04-02,tt0089110,5.4,"10,744",N/A,N/A
771,Higglytown Heroes,TV Show,2004,Animation,Disney+,2021-04-02,tt0406419,4.9,667,,
772,Made in a Day,TV Show,2020,Reality,Disney+,2021-04-02,tt12833474,8.0,56,,
773,Night at the Museum: Battle of the Smithsonian,Movie,2009,Action-Adventure,Disney+,2021-04-02,tt1078912,6.0,"212,754","$177,243,721",N/A
774,Sharks Of The Bermuda Triangle,Movie,2020,Animals & Nature,Disney+,2021-04-02,tt13063526,6.1,55,N/A,N/A
775,Secrets Of The Zoo,TV Show,2017,Animals & Nature,Disney+,2021-04-02,tt8879238,8.3,349,,
776,Night at the Museum,Movie,2006,Action-Adventure,Disney+,2021-04-02,tt0477347,6.5,"375,625","$250,863,268",N/A
777,The Mighty Ducks: Game Changers,TV Show,2021,Comedy,Disney+,2021-03-26,tt7939768,7.3,"5,796",,
778,Gnomeo & Juliet,Movie,2011,Action-Adventure,Disney+,2021-03-26,tt0377981,5.9,"59,458","$99,967,670",N/A
779,Pickle and Peanut,TV Show,2015,Comedy,Disney+,2021-03-26,tt3824018,4.4,"1,718",,
780,Disney My Music Story: Perfume,Movie,2019,Biographical,Disney+,2021-03-19,,,,,
781,Mexico Untamed,TV Show,2018,Animals & Nature,Disney+,2021-03-19,tt10389464,N/A,39,,
782,The Falcon and The Winter Soldier,TV Show,2021,Action-Adventure,Disney+,2021-03-19,tt9208876,7.1,"250,472",,
783,Disney Big Hero 6 The Series,TV Show,2017,Action-Adventure,Disney+,2021-03-19,,,,,
784,Doc McStuffins: The Doc Is In,Movie,2020,Animation,Disney+,2021-03-12,tt13522660,N/A,10,N/A,N/A
785,Marvel Studios ASSEMBLED,TV Show,2021,Anthology,Disney+,2021-03-12,tt14094206,7.9,"3,028",,
786,Miss Peregrine's Home for Peculiar Children,Movie,2016,Coming of Age,Disney+,2021-03-12,tt1935859,6.7,"188,531","$87,242,834",N/A
787,Own the Room,Movie,2021,Documentary,Disney+,2021-03-12,tt14017018,6.7,249,N/A,N/A
788,Garfield: A Tail of Two Kitties,Movie,2006,Comedy,Disney+,2021-03-05,tt0455499,5.0,"46,854","$28,426,747",N/A
789,Pair of Kings,TV Show,2010,Action-Adventure,Disney+,2021-02-26,tt1571313,5.8,"4,595",,
790,Shanghai Disney Resort Grand Opening Gala,Movie,2016,Variety,Disney+,2021-02-26,,,,,
791,Secrets of Sulphur Springs,TV Show,2021,Family,Disney+,2021-02-26,tt10329642,7.6,"4,081",,
792,Mickey Go Local,TV Show,2019,Animation,Disney+,2021-02-26,tt13845582,5.7,90,,
793,Okavango: River of Dreams,Movie,2020,Animals & Nature,Disney+,2021-02-26,tt10761742,8.1,139,,
794,Myth: A Frozen Tale,Movie,2021,Animation,Disney+,2021-02-26,tt11278760,5.7,569,N/A,N/A
795,Dog With a Blog,TV Show,2012,Comedy,Disney+,2021-02-26,tt2222135,5.0,"6,803",,
796,Disney Roll It Back (Shorts),TV Show,2019,Comedy,Disney+,2021-02-26,,,,,
797,Car SOS,TV Show,2012,Buddy,Disney+,2021-02-26,tt3110590,8.2,891,,
798,American Dragon: Jake Long,TV Show,2004,Action-Adventure,Disney+,2021-02-26,tt0429305,6.6,"13,412",,
799,Disney Channel Games 2008,TV Show,2008,Game Show / Competition,Disney+,2021-02-26,,,,,
800,Cheaper By the Dozen,Movie,2003,Comedy,Disney+,2021-02-19,tt0349205,5.9,"108,404","$138,614,544",N/A
801,Cheaper by the Dozen 2,Movie,2005,Comedy,Disney+,2021-02-19,tt0452598,5.5,"62,811","$82,571,173",N/A
802,Flora & Ulysses,Movie,2021,Comedy,Disney+,2021-02-19,tt8521736,6.2,"6,616",N/A,N/A
803,The Book of Life,Movie,2014,Action-Adventure,Disney+,2021-02-19,tt2262227,7.2,"77,658","$50,151,543",N/A
804,The Muppet Show,TV Show,1976,Comedy,Disney+,2021-02-19,tt0074028,8.4,"26,184",,
805,Marvel Battleworld: Mystery of the Thanostones,TV Show,2020,Action-Adventure,Disney+,2021-02-12,tt12583300,5.9,116,,
806,Marvel's Behind the Mask,Movie,2021,Anthology,Disney+,2021-02-12,tt13885628,6.5,532,N/A,N/A
807,Rodgers & Hammerstein's Cinderella,Movie,1997,Comedy,Disney+,2021-02-12,,,,,
808,You Again,Movie,2010,Comedy,Disney+,2021-02-12,tt1414382,5.7,"54,383","$25,702,053",N/A
809,Disney My Music Story: Yoshiki,Movie,2019,Biographical,Disney+,2021-02-05,,,,,
810,Wicked Tuna: Outer Banks,TV Show,2013,Animals & Nature,Disney+,2021-02-05,tt26472829,N/A,22,,
811,Expedition Everest,Movie,2020,Animals & Nature,Disney+,2021-02-05,tt13009970,6.5,195,N/A,N/A
812,Upside-Down Magic,Movie,2020,Coming of Age,Disney+,2021-02-05,tt10833270,5.4,"2,037",N/A,N/A
813,Dinosaurs,TV Show,1991,Comedy,Disney+,2021-01-29,tt0101081,7.5,"21,481",,
814,Texas Storm Squad,Movie,2020,Documentary,Disney+,2021-01-29,,,,,
815,Pixar Popcorn,TV Show,2021,Animation,Disney+,2021-01-22,tt13634444,6.5,"2,309",,
816,Wild Uganda,Movie,2018,Animals & Nature,Disney+,2021-01-22,,,,,
817,Isle of Dogs,Movie,2018,Action-Adventure,Disney+,2021-01-15,tt5104604,7.8,"190,716","$32,015,231",N/A
818,Elena of Avalor,TV Show,2015,Action-Adventure,Disney+,2021-01-15,tt4549142,6.5,"1,862",,
819,WandaVision,TV Show,2021,Drama,Disney+,2021-01-15,tt9140560,7.9,"370,064",,
820,Mary Poppins Returns,Movie,2018,Family,Disney+,2021-01-15,tt5028340,6.7,"95,185","$171,958,438",N/A
821,Disney Fam Jam,TV Show,2020,Family,Disney+,2021-01-08,tt11138524,5.0,29,,
822,Ferdinand,Movie,2017,Action-Adventure,Disney+,2021-01-08,tt3411444,6.7,"63,584","$84,410,380",N/A
823,Marvel Studios LEGENDS,TV Show,2021,Action-Adventure,Disney+,2021-01-08,tt13650480,6.5,"4,969",,
824,Toy Story: That Time Forgot,Movie,2014,Action-Adventure,Disney+,2021-01-08,tt3473654,7.1,"13,115",N/A,N/A
825,Mega Hammerhead,Movie,2016,Animals & Nature,Disney+,2021-01-01,tt5828074,6.5,104,N/A,N/A
826,Great Shark Chow Down,Movie,2019,Animals & Nature,Disney+,2021-01-01,tt21618728,5.7,23,N/A,N/A
827,Dr. Seuss' Horton Hears a Who!,Movie,2008,Animation,Disney+,2021-01-01,,,,,
828,700 Sharks,Movie,2018,Animals & Nature,Disney+,2021-01-01,tt10564814,6.7,145,N/A,N/A
829,Big Sharks Rule,Movie,2018,Animals & Nature,Disney+,2021-01-01,tt21300968,N/A,17,,
830,Cosmos: Possible Worlds,TV Show,2020,Action-Adventure,Disney+,2020-12-25,tt11170862,9.0,"7,744",,
831,Disney Gallery / Star Wars: The Mandalorian,TV Show,2020,Action-Adventure,Disney+,2020-12-25,,,,,
832,Max Keeble's Big Move,Movie,2001,Comedy,Disney+,2020-12-25,tt0273799,5.4,"8,665","$17,294,293",N/A
833,Soul,Movie,2020,Animation,Disney+,2020-12-25,tt2948372,8.0,"375,342","$946,154",N/A
834,Burrow,Movie,2020,Animation,Disney+,2020-12-25,tt13167288,7.4,"5,598",N/A,N/A
835,Wild Nordic,TV Show,2019,Animals & Nature,Disney+,2020-12-18,tt14072300,7.4,118,,
836,Into the Woods,Movie,2014,Action-Adventure,Disney+,2020-12-18,tt2180411,5.9,"147,783","$128,002,372",N/A
837,On Pointe,TV Show,2020,Docuseries,Disney+,2020-12-18,tt11097576,7.9,429,,
838,"Miraculous World: New York, United Heroez",Movie,2020,Action-Adventure,Disney+,2020-12-18,,,,,
839,Arendelle Castle Yule Log,Movie,2020,Animation,Disney+,2020-12-18,tt12053202,5.5,48,N/A,N/A
840,Buried Truth of the Maya,Movie,2020,Documentary,Disney+,2020-12-18,tt12794742,5.5,260,N/A,N/A
841,Disney Parks Sunrise Series,TV Show,2021,Animals & Nature,Disney+,2020-12-18,,,,,
842,Dory's Reef Cam,Movie,2020,Animation,Disney+,2020-12-18,tt13496400,3.7,322,N/A,N/A
843,Eddie the Eagle,Movie,2016,Biographical,Disney+,2020-12-18,tt1083452,7.3,"99,908","$15,789,389",N/A
844,Disney Holiday Magic Quest,Movie,2020,Movies,Disney+,2020-12-11,tt13522634,6.2,48,N/A,N/A
845,Gender Revolution: A Journey With Katie Couric,Movie,2017,Documentary,Disney+,2020-12-11,,,,,
846,High School Musical: The Musical: The Holiday Special,Movie,2020,Drama,Disney+,2020-12-11,tt13290168,5.6,468,N/A,N/A
847,Ralph Breaks the Internet,Movie,2018,Action-Adventure,Disney+,2020-12-11,tt5848272,7.0,"181,109","$201,091,711",N/A
848,Disney Channel's Epic Holiday Showdown,Movie,2020,Fantasy,Disney+,2020-12-11,,,,,
849,Safety,Movie,2020,Biographical,Disney+,2020-12-11,tt10649016,6.8,"4,633",N/A,N/A
850,Anastasia,Movie,1997,Animation,Disney+,2020-12-04,tt0118617,7.1,"135,963","$58,406,347",N/A
851,Godmothered,Movie,2020,Comedy,Disney+,2020-12-04,tt11681250,6.1,"13,960",N/A,N/A
852,The Nutcracker and the Four Realms,Movie,2018,Action-Adventure,Disney+,2020-12-04,tt5523010,5.6,"37,434","$54,858,851",N/A
853,The Disney Holiday Singalong,Movie,2020,Family,Disney+,2020-12-04,tt13392122,5.9,200,N/A,N/A
854,Sky High,Movie,2005,Action-Adventure,Disney+,2020-12-04,tt0405325,6.3,"94,123","$63,946,815",N/A
855,Mulan,Movie,2020,Action-Adventure,Disney+,2020-12-04,tt0120762,7.7,"316,471","$120,620,254",N/A
856,Man vs. Shark,Movie,2019,Animals & Nature,Disney+,2020-12-04,tt10644346,6.2,80,N/A,N/A
857,Black Beauty,Movie,2020,Animals & Nature,Disney+,2020-11-27,tt0109279,6.6,"10,648","$4,630,377",N/A
858,Once Upon a Time in Wonderland,TV Show,2013,Action-Adventure,Disney+,2020-11-27,tt2802008,6.9,"12,954",,
859,Party Animals,TV Show,2016,Animals & Nature,Disney+,2020-11-27,tt0847147,7.6,547,,
860,"Alexander and the Terrible, Horrible, No Good, Very Bad Day",Movie,2014,Comedy,Disney+,2020-11-27,tt1698641,6.2,"46,497","$66,954,149",N/A
861,From Our Family to Yours,Movie,2020,Animation,Disney+,2020-11-27,tt13681410,7.1,133,N/A,N/A
862,Folklore: the long pond studio sessions,Movie,2020,Documentary,Disney+,2020-11-25,tt13524234,8.4,"4,907",N/A,N/A
863,Planes,Movie,2013,Action-Adventure,Disney+,2020-11-20,tt1691917,5.7,"48,556","$90,288,712",N/A
864,The Real Right Stuff,Movie,2020,Documentary,Disney+,2020-11-20,tt13237174,7.2,656,N/A,N/A
865,Planes: Fire & Rescue,Movie,2014,Action-Adventure,Disney+,2020-11-20,tt2980706,5.9,"19,813","$59,165,787",N/A
866,Marvel's 616,TV Show,2020,Anthology,Disney+,2020-11-20,,,,,
867,Bia,TV Show,2019,Coming of Age,Disney+,2020-11-20,tt9168904,6.4,237,,
868,The Wonderful World of Mickey Mouse,TV Show,2020,Action-Adventure,Disney+,2020-11-18,tt13089270,7.9,"1,422",,
869,LEGO Star Wars Holiday Special,Movie,2020,Action-Adventure,Disney+,2020-11-17,tt12885438,6.4,"7,795",N/A,N/A
870,Home Alone,Movie,1990,Comedy,Disney+,2020-11-13,tt0099785,7.7,"651,142","$285,761,243",N/A
871,Home Alone 2: Lost in New York,Movie,1992,Comedy,Disney+,2020-11-13,tt0104431,6.9,"400,872","$173,585,516",N/A
872,Home Alone 3,Movie,1997,Comedy,Disney+,2020-11-13,tt0119303,4.6,"126,942","$30,882,515",N/A
873,Inside Pixar,TV Show,2020,Docuseries,Disney+,2020-11-13,tt13302848,7.3,758,,
874,Petra: Secrets of the Ancient Builders,Movie,2019,Documentary,Disney+,2020-11-13,tt13555254,7.2,179,N/A,N/A
875,Ultimate Viking Sword,Movie,2019,Documentary,Disney+,2020-11-13,,,,,
876,Goldie & Bear,TV Show,2015,Action-Adventure,Disney+,2020-11-06,,,,,
877,Mr. Magoo,Movie,1997,Action-Adventure,Disney+,2020-11-06,tt0119718,4.1,"16,121","$21,437,192",N/A
878,Prep & Landing,Movie,2009,Animation,Disney+,2020-11-06,tt1474311,7.6,"3,999",N/A,N/A
879,Prep & Landing: Naughty vs. Nice,Movie,2011,Animation,Disney+,2020-11-06,tt2069885,7.3,"2,261",N/A,N/A
880,Fancy Nancy (Shorts),TV Show,2019,Animation,Disney+,2020-11-06,,,,,
881,Disney's A Christmas Carol,Movie,2009,Animation,Disney+,2020-11-06,,,,,
882,The Sorcerer's Apprentice,Movie,2010,Action-Adventure,Disney+,2020-10-30,tt0963966,6.1,"169,648","$63,150,991",N/A
883,X-Ray Earth,TV Show,2020,Animals & Nature,Disney+,2020-10-30,tt12988062,6.6,74,,
884,The Mandalorian,TV Show,2019,Action-Adventure,Disney+,2020-10-30,tt8111088,8.7,"586,478",,
885,Disney Channel Halloween House Party,Movie,2020,Comedy,Disney+,2020-10-30,tt13845674,5.3,32,N/A,N/A
886,Once Upon a Snowman,Movie,2020,Animation,Disney+,2020-10-23,tt13061790,6.9,"3,563",N/A,N/A
887,Pompeii: Secrets Of The Dead,Movie,2019,Documentary,Disney+,2020-10-23,tt12045720,6.8,331,N/A,N/A
888,Toy Story of Terror!,Movie,2013,Animation,Disney+,2020-10-23,tt2446040,7.5,"17,673",N/A,N/A
889,India From Above,TV Show,2019,Docuseries,Disney+,2020-10-23,tt12873192,7.6,258,N/A,N/A
890,Gathering Storm,TV Show,2020,Animals & Nature,Disney+,2020-10-23,tt12760500,7.5,89,,
891,Marvel Super Hero Adventures,TV Show,2017,Action-Adventure,Disney+,2020-10-23,tt7726152,5.7,196,,
892,Lost on Everest,Movie,2020,Animals & Nature,Disney+,2020-10-16,tt12660966,6.6,543,N/A,N/A
893,Beverly Hills Chihuahua,Movie,2008,Action-Adventure,Disney+,2020-10-16,tt1014775,3.9,"25,743","$94,514,402",N/A
894,Clouds,Movie,2020,Biographical,Disney+,2020-10-16,tt6473066,7.5,"11,542",N/A,N/A
895,Marvel's Iron Man & Captain America: Heroes United,Movie,2014,Action-Adventure,Disney+,2020-10-16,,,,,
896,Meet The Chimps,TV Show,2020,Animals & Nature,Disney+,2020-10-16,tt11853160,7.8,123,,
897,The Rocketeer,TV Show,2019,Action-Adventure,Disney+,2020-10-16,tt0102803,6.6,"61,631","$46,704,056",N/A
898,The Chronicles Of Narnia: The Voyage of the Dawn Treader,Movie,2010,Action-Adventure,Disney+,2020-10-09,tt0980970,6.3,"165,955","$104,386,950",N/A
899,Oil Spill of The Century,Movie,2019,Documentary,Disney+,2020-10-09,,,,,
900,Wild Portugal,Movie,2020,Animals & Nature,Disney+,2020-10-09,tt16043106,N/A,71,N/A,N/A
901,X2,Movie,2003,Action-Adventure,Disney+,2020-10-09,tt0290334,7.4,"573,940","$214,949,694",N/A
902,The Right Stuff,TV Show,2020,Drama,Disney+,2020-10-09,tt0086197,7.8,"65,303","$21,192,102",N/A
903,Mr. Holland's Opus,Movie,1996,Drama,Disney+,2020-10-02,tt0113862,7.3,"41,626","$82,569,971",N/A
904,Wild Central America,TV Show,2020,Action-Adventure,Disney+,2020-09-25,tt19767732,N/A,25,,
905,The Giant Robber Crab,Movie,2019,Animals & Nature,Disney+,2020-09-25,tt13165620,7.0,70,N/A,N/A
906,Secret Society of Second-Born Royals,Movie,2020,Action-Adventure,Disney+,2020-09-25,tt10324122,5.0,"6,360",N/A,N/A
907,Magic of Disney's Animal Kingdom,TV Show,2020,Animals & Nature,Disney+,2020-09-25,tt10196378,8.2,470,,
908,Hidden Figures,Movie,2016,Biographical,Disney+,2020-09-25,tt4846340,7.8,"255,100","$169,607,287",N/A
909,Disneynature Oceans,Movie,2010,Animals & Nature,Disney+,2020-09-25,,,,,
910,Bend It Like Beckham,Movie,2003,Buddy,Disney+,2020-09-18,tt0286499,6.7,"116,313","$32,543,449",N/A
911,Soy Luna,TV Show,2015,Comedy,Disney+,2020-09-18,tt5189554,6.6,"1,765",,
912,Violetta,TV Show,2011,Coming of Age,Disney+,2020-09-18,tt2171665,5.3,"2,791",,
913,Morning Light,Movie,2008,Documentary,Disney+,2020-09-18,tt1198405,5.7,416,"$275,497",N/A
914,Once Upon a Time,TV Show,2011,Action-Adventure,Disney+,2020-09-18,tt1843230,7.7,"236,106",,
915,Coop & Cami Ask The World,TV Show,2018,Comedy,Disney+,2020-09-18,tt21799214,N/A,N/A,,
916,Notre Dame: Race Against The Inferno,Movie,2019,Documentary,Disney+,2020-09-18,tt11559162,6.4,191,N/A,N/A
917,Kingdom of the Mummies,TV Show,2020,Docuseries,Disney+,2020-09-18,tt12366196,7.1,170,,
918,Ever After: A Cinderella Story,Movie,1998,Drama,Disney+,2020-09-18,tt0120631,7.1,"81,482","$65,705,771",N/A
919,Europe from Above,TV Show,2019,Docuseries,Disney+,2020-09-18,tt11003514,8.1,670,,
920,Ancient China from Above,TV Show,2020,Docuseries,Disney+,2020-09-18,tt12873166,6.9,157,,
921,Becoming,TV Show,2020,Anthology,Disney+,2020-09-18,tt12221748,7.0,"6,680",N/A,N/A
922,Christopher Robin,Movie,2018,Drama,Disney+,2020-09-11,tt4575576,7.2,"84,367","$99,215,042",N/A
923,D2: The Mighty Ducks,Movie,1994,Comedy,Disney+,2020-09-04,tt0109520,6.1,"42,969","$45,610,410",N/A
924,D3: The Mighty Ducks,Movie,1996,Comedy,Disney+,2020-09-04,tt0116000,5.5,"28,532","$22,955,097",N/A
925,Earth to Ned,TV Show,2020,Comedy,Disney+,2020-09-04,tt11176048,6.6,424,,
926,Trick or Treat,Movie,1952,Animation,Disney+,2020-09-04,tt0092112,5.8,"7,795","$6,797,218",N/A
927,Alice Through the Looking Glass,Movie,2016,Action-Adventure,Disney+,2020-08-28,tt2567026,6.2,"122,141","$77,041,381",N/A
928,Phineas and Ferb The Movie: Candace Against the Universe,Movie,2020,Action-Adventure,Disney+,2020-08-28,tt1817232,7.0,"5,414",N/A,N/A
929,The One and Only Ivan,Movie,2020,Drama,Disney+,2020-08-21,tt3661394,6.6,"13,405",N/A,N/A
930,"Weirdest, Bestest, Truest",TV Show,2018,Animals & Nature,Disney+,2020-08-21,,,,,
931,Mars: One Day on the Red Planet,Movie,2020,Documentary,Disney+,2020-08-21,tt12611334,6.9,482,N/A,N/A
932,Beauty and the Beast,Movie,2017,Family,Disney+,2020-08-21,tt0101414,8.0,"479,443","$218,967,620",N/A
933,Back to the Titanic,Movie,2020,Documentary,Disney+,2020-08-21,tt12100782,6.2,448,N/A,N/A
934,The Greatest Showman,Movie,2017,Biographical,Disney+,2020-08-14,tt1485796,7.5,"311,501","$174,340,174",N/A
935,Wild Cats of India,TV Show,2020,Animals & Nature,Disney+,2020-08-14,tt11920706,7.5,78,,
936,Weird But True!,TV Show,2017,Animals & Nature,Disney+,2020-08-14,tt6057106,7.4,116,,
937,Scuba Sam's World,TV Show,2018,Animals & Nature,Disney+,2020-08-14,tt13399116,N/A,N/A,,
938,Spaced Out,TV Show,2018,Docuseries,Disney+,2020-08-14,tt0079937,4.4,720,N/A,N/A
939,Nature Boom Time,TV Show,2016,Animals & Nature,Disney+,2020-08-14,tt6805750,7.6,13,,
940,Sam's Zookeeper Challenge,TV Show,2018,Animals & Nature,Disney+,2020-08-14,tt13325238,N/A,6,,
941,Marvel Studios' Ant-Man and the Wasp,Movie,2018,Action-Adventure,Disney+,2020-08-14,,,,,
942,Magic Camp,Movie,2020,Comedy,Disney+,2020-08-14,tt3979300,6.3,"4,803",N/A,N/A
943,Jungle Animal Rescue,TV Show,2019,Animals & Nature,Disney+,2020-08-14,tt12690880,7.5,23,,
944,India's Wild Leopards,Movie,2020,Animals & Nature,Disney+,2020-08-14,tt11902274,7.8,53,N/A,N/A
945,Disney Zombies 2,Movie,2020,Coming of Age,Disney+,2020-08-14,,,,,
946,Disney Junior T.O.T.S.: Calling All T.O.T.S. (Shorts),TV Show,2020,Animation,Disney+,2020-08-14,,,,,
947,Howard,Movie,2020,Biographical,Disney+,2020-08-07,tt7682430,7.5,"1,433",N/A,N/A
948,Prince of Persia: The Sands of Time,Movie,2010,Action-Adventure,Disney+,2020-08-07,tt0473075,6.6,"303,806","$90,759,676",N/A
949,Star Wars: Galaxy's Edge-Adventure Awaits,Movie,2019,Documentary,Disney+,2020-08-07,tt10951528,5.8,205,N/A,N/A
950,The Hidden Kingdoms of China,Movie,2020,Animals & Nature,Disney+,2020-08-07,tt13975730,6.9,57,N/A,N/A
951,The Peanuts Movie,Movie,2015,Animation,Disney+,2020-08-07,tt2452042,7.0,"49,660","$130,178,411",N/A
952,UFO Europe: The Untold Stories,TV Show,2012,Docuseries,Disney+,2020-08-07,tt14271936,N/A,45,,
953,Surviving the Mount St. Helens Disaster,Movie,2020,Animals & Nature,Disney+,2020-07-31,tt12453440,7.3,172,N/A,N/A
954,Marvel Funko Shorts,TV Show,2016,Action-Adventure,Disney+,2020-07-31,,,,,
955,What Sam Sees,TV Show,2018,Animals & Nature,Disney+,2020-07-31,tt13326050,N/A,7,,
956,Muppets Now,TV Show,2020,Comedy,Disney+,2020-07-31,tt10857210,5.9,"1,318",,
957,Hunt for the Abominable Snowman,Movie,2011,Documentary,Disney+,2020-07-31,,,,,
958,Lost Temple of the Inca,Movie,2020,Documentary,Disney+,2020-07-31,tt11668444,6.7,172,N/A,N/A
959,King Fishers,TV Show,2013,Action-Adventure,Disney+,2020-07-31,tt3091520,7.0,33,,
960,Cradle of the Gods,Movie,2012,Documentary,Disney+,2020-07-31,tt2214921,6.8,126,N/A,N/A
961,Black Is King,Movie,2020,Dance,Disney+,2020-07-31,tt12607910,5.9,"9,401",N/A,N/A
962,Fearless Adventures with Jack Randall,TV Show,2018,Animals & Nature,Disney+,2020-07-31,,,,,
963,Big Cat Games,Movie,2015,Animals & Nature,Disney+,2020-07-31,,,,,
964,Best Job Ever,TV Show,2018,Animals & Nature,Disney+,2020-07-31,tt11686730,N/A,N/A,N/A,N/A
965,Animal Showdown,TV Show,2018,Animals & Nature,Disney+,2020-07-31,tt21798874,N/A,8,,
966,Destination World,TV Show,2018,Animals & Nature,Disney+,2020-07-31,tt14630178,N/A,6,,
967,Incredibles 2,Movie,2018,Action-Adventure,Disney+,2020-07-31,tt3606756,7.5,"329,595","$608,581,744",N/A
968,Pirates of the Caribbean: Dead Men Tell No Tales,Movie,2017,Action-Adventure,Disney+,2020-07-24,tt1790809,6.5,"343,186","$172,558,876",N/A
969,PJ Masks (Shorts),TV Show,2017,Action-Adventure,Disney+,2020-07-24,,,,,
970,Rogue Trip,TV Show,2020,Buddy,Disney+,2020-07-24,tt10225100,7.1,207,,
971,Wild Congo,TV Show,2014,Animals & Nature,Disney+,2020-07-24,tt19767844,N/A,51,,
972,Wild Sri Lanka,TV Show,2016,Animals & Nature,Disney+,2020-07-24,tt7871864,8.3,104,,
973,Diary of a Wimpy Kid: The Long Haul,Movie,2017,Comedy,Disney+,2020-07-17,tt6003368,4.3,"10,791","$20,738,724",N/A
974,Disney Junior Music Lullabies,TV Show,2018,Animation,Disney+,2020-07-17,,,,,
975,Wild Chile,TV Show,2017,Animals & Nature,Disney+,2020-07-17,tt11652174,7.6,102,,
976,X-Men: Apocalypse,Movie,2016,Action-Adventure,Disney+,2020-07-17,tt3385516,6.9,"460,882","$155,442,489",N/A
977,A Pre-Opening Report from Disneyland,Movie,1955,Documentary,Disney+,2020-07-17,,,,,
978,The Mouseketeers at Walt Disney World,Movie,1977,Coming of Age,Disney+,2020-07-17,tt0285749,8.4,34,N/A,N/A
979,Super Robot Monkey Team Hyperforce Go!,TV Show,2004,Action-Adventure,Disney+,2020-07-17,tt0423746,6.4,"2,605",,
980,Lost City of Machu Picchu,Movie,2019,Documentary,Disney+,2020-07-17,tt12768204,7.0,139,N/A,N/A
981,Hamilton: History Has Its Eyes on You,Movie,2020,Historical,Disney+,2020-07-10,tt12690910,6.4,81,N/A,N/A
982,X-Men: Days of Future Past,Movie,2014,Action-Adventure,Disney+,2020-07-10,tt1877832,7.9,"744,527","$233,921,534",N/A
983,Cosmos: A Spacetime Odyssey,TV Show,2013,Action-Adventure,Disney+,2020-07-10,tt2395695,9.3,"127,763",,
984,Solo: A Star Wars Story,Movie,2018,Action-Adventure,Disney+,2020-07-10,tt3778644,6.9,"378,738","$213,767,512",N/A
985,The Undefeated Presents: Hamilton In-Depth,Movie,2020,Historical,Disney+,2020-07-05,tt12690904,7.0,59,N/A,N/A
986,Ice Age: Collision Course,Movie,2016,Action-Adventure,Disney+,2020-07-03,tt3416828,5.7,"74,878","$64,063,008",N/A
987,The Mighty Ducks,Movie,1992,Comedy,Disney+,2020-07-03,tt0104868,6.6,"71,621","$50,752,337",N/A
988,The Big Green,Movie,1995,Comedy,Disney+,2020-07-03,tt0112499,5.5,"10,864","$17,736,619",N/A
989,Race to Witch Mountain,Movie,2009,Action-Adventure,Disney+,2020-07-03,tt1075417,5.7,"62,992","$67,172,594",N/A
990,Hamilton,Movie,2020,Biographical,Disney+,2020-07-03,tt8503618,8.3,"113,741",N/A,N/A
991,Diary of a Wimpy Kid: Rodrick Rules,Movie,2011,Comedy,Disney+,2020-07-03,tt1650043,6.6,"36,425","$52,698,535",N/A
992,While You Were Sleeping,Movie,1995,Comedy,Disney+,2020-07-03,tt0114924,6.8,"113,302","$81,057,016",N/A
993,Animal ER,TV Show,2016,Animals & Nature,Disney+,2020-07-03,tt6208226,7.9,94,,
994,Into the Unknown: Making Frozen 2,TV Show,2020,Docuseries,Disney+,2020-06-26,tt10196382,8.5,913,,
995,Disney A.N.T. Farm,TV Show,2011,Comedy,Disney+,2020-06-26,,,,,
996,Marvel Studios' Avengers: Infinity War,Movie,2018,Action-Adventure,Disney+,2020-06-26,,,,,
997,Tarzan II,Movie,2005,Action-Adventure,Disney+,2020-06-26,,,,,
998,Tarzan,Movie,1999,Action-Adventure,Disney+,2020-06-26,tt0120855,7.3,"246,458","$171,091,819",N/A
999,Man in Space,Movie,1955,Documentary,Disney+,2020-06-26,tt0863137,N/A,8,N/A,N/A
